Device EUI/Group,Gateway ID,Frequency,Datarate,RSSI/SNR,Size,Fcnt,Type,Time,Details
24E124445E318071,24E124FFFEFE11C4,868500000,SF7BW125, -100/4.2,3,1016,UpUnc,2026-06-25T13:10:01+02:00,"Dev Addr/Multicast Addr: 06139e8c
GwEUI: 24E124FFFEFE11C4
AppEUI: 24E124C0002A0001
Device EUI/Group Name: 24E124445E318071
Class Type: Class C
Immediately: -
Timestamp: 2194354966
Type: UpUnc
Adr: false
AdrAcKReq: false
Ack: false
Fcnt: 1016
Port: 85
Modulation: LORA
Bandwidth: 125
SpreadFactor: 7
Bitrate: 0
CodeRate: 4/5
SNR: 4.2
RSSI: -100
Power: -
Payload(b64): BAAA
Payload(hex): 040000
JSON: {""gpio_in_2"":0}
MIC: 42e207af"
24E124445E318071,24E124FFFEFE11C4,868500000,SF7BW125, -103/-0.5,3,1015,UpUnc,2026-06-25T13:09:34+02:00,"Dev Addr/Multicast Addr: 06139e8c
GwEUI: 24E124FFFEFE11C4
AppEUI: 24E124C0002A0001
Device EUI/Group Name: 24E124445E318071
Class Type: Class C
Immediately: -
Timestamp: 2167527658
Type: UpUnc
Adr: false
AdrAcKReq: false
Ack: false
Fcnt: 1015
Port: 85
Modulation: LORA
Bandwidth: 125
SpreadFactor: 7
Bitrate: 0
CodeRate: 4/5
SNR: -0.5
RSSI: -103
Power: -
Payload(b64): BAAA
Payload(hex): 040000
JSON: {""gpio_in_2"":0}
MIC: ca97b585"
24E124445E318071,24E124FFFEFE11C4,868500000,SF7BW125, -103/-0.2,34,1014,UpUnc,2026-06-25T13:09:29+02:00,"Dev Addr/Multicast Addr: 06139e8c
GwEUI: 24E124FFFEFE11C4
AppEUI: 24E124C0002A0001
Device EUI/Group Name: 24E124445E318071
Class Type: Class C
Immediately: -
Timestamp: 2161983762
Type: UpUnc
Adr: false
AdrAcKReq: false
Ack: false
Fcnt: 1014
Port: 86
Modulation: LORA
Bandwidth: 125
SpreadFactor: 7
Bitrate: 0
CodeRate: 4/5
SNR: -0.2
RSSI: -103
Power: -
Payload(b64): Q1VTVE9NTUVTU0FHRVRFU1RGT1JHUklEQUNUSVZBVElPTg==
Payload(hex): 435553544f4d4d45535341474554455354464f524752494441435449564154494f4e
JSON: {""text"":""CUSTOMMESSAGETESTFORGRIDACTIVATION""}
MIC: 52e1dcc0"
24E124445E318071,24E124FFFEFE11C4,868100000,SF7BW125, -105/-0.2,6,1013,UpUnc,2026-06-25T13:09:24+02:00,"Dev Addr/Multicast Addr: 06139e8c
GwEUI: 24E124FFFEFE11C4
AppEUI: 24E124C0002A0001
Device EUI/Group Name: 24E124445E318071
Class Type: Class C
Immediately: -
Timestamp: 2157137763
Type: UpUnc
Adr: false
AdrAcKReq: false
Ack: false
Fcnt: 1013
Port: 85
Modulation: LORA
Bandwidth: 125
SpreadFactor: 7
Bitrate: 0
CodeRate: 4/5
SNR: -0.2
RSSI: -105
Power: -
Payload(b64): BAAABAAB
Payload(hex): 040000040001
JSON: {""gpio_in_2"":1}
MIC: 09938d36"
24E124445E318071,24E124FFFEFE11C4,868100000,SF7BW125, -102/2.2,6,1011,UpUnc,2026-06-25T13:09:14+02:00,"Dev Addr/Multicast Addr: 06139e8c
GwEUI: 24E124FFFEFE11C4
AppEUI: 24E124C0002A0001
Device EUI/Group Name: 24E124445E318071
Class Type: Class C
Immediately: -
Timestamp: 2146948698
Type: UpUnc
Adr: false
AdrAcKReq: false
Ack: false
Fcnt: 1011
Port: 85
Modulation: LORA
Bandwidth: 125
SpreadFactor: 7
Bitrate: 0
CodeRate: 4/5
SNR: 2.2
RSSI: -102
Power: -
Payload(b64): BAAABAAB
Payload(hex): 040000040001
JSON: {""gpio_in_2"":1}
MIC: c7ecefc6"
24E124445E318071,24E124FFFEFE11C4,868500000,SF7BW125, -102/0.8,34,1010,UpUnc,2026-06-25T13:09:09+02:00,"Dev Addr/Multicast Addr: 06139e8c
GwEUI: 24E124FFFEFE11C4
AppEUI: 24E124C0002A0001
Device EUI/Group Name: 24E124445E318071
Class Type: Class C
Immediately: -
Timestamp: 2142266829
Type: UpUnc
Adr: false
AdrAcKReq: false
Ack: false
Fcnt: 1010
Port: 86
Modulation: LORA
Bandwidth: 125
SpreadFactor: 7
Bitrate: 0
CodeRate: 4/5
SNR: 0.8
RSSI: -102
Power: -
Payload(b64): Q1VTVE9NTUVTU0FHRVRFU1RGT1JHUklEQUNUSVZBVElPTg==
Payload(hex): 435553544f4d4d45535341474554455354464f524752494441435449564154494f4e
JSON: {""text"":""CUSTOMMESSAGETESTFORGRIDACTIVATION""}
MIC: d285ee78"
24E124445E318071,24E124FFFEFE11C4,868100000,SF7BW125, -103/2.8,6,1009,UpUnc,2026-06-25T13:09:05+02:00,"Dev Addr/Multicast Addr: 06139e8c
GwEUI: 24E124FFFEFE11C4
AppEUI: 24E124C0002A0001
Device EUI/Group Name: 24E124445E318071
Class Type: Class C
Immediately: -
Timestamp: 2138234688
Type: UpUnc
Adr: false
AdrAcKReq: false
Ack: false
Fcnt: 1009
Port: 85
Modulation: LORA
Bandwidth: 125
SpreadFactor: 7
Bitrate: 0
CodeRate: 4/5
SNR: 2.8
RSSI: -103
Power: -
Payload(b64): BAAABAAB
Payload(hex): 040000040001
JSON: {""gpio_in_2"":1}
MIC: cbbc3ef6"
24E124445E318071,24E124FFFEFE11C4,868300000,SF7BW125, -101/-0.5,34,1008,UpUnc,2026-06-25T13:08:59+02:00,"Dev Addr/Multicast Addr: 06139e8c
GwEUI: 24E124FFFEFE11C4
AppEUI: 24E124C0002A0001
Device EUI/Group Name: 24E124445E318071
Class Type: Class C
Immediately: -
Timestamp: 2132621834
Type: UpUnc
Adr: false
AdrAcKReq: false
Ack: false
Fcnt: 1008
Port: 86
Modulation: LORA
Bandwidth: 125
SpreadFactor: 7
Bitrate: 0
CodeRate: 4/5
SNR: -0.5
RSSI: -101
Power: -
Payload(b64): Q1VTVE9NTUVTU0FHRVRFU1RGT1JHUklEQUNUSVZBVElPTg==
Payload(hex): 435553544f4d4d45535341474554455354464f524752494441435449564154494f4e
JSON: {""text"":""CUSTOMMESSAGETESTFORGRIDACTIVATION""}
MIC: 55bbf2e8"
24E124445E318071,24E124FFFEFE11C4,868100000,SF7BW125, -103/2.5,6,1007,UpUnc,2026-06-25T13:08:56+02:00,"Dev Addr/Multicast Addr: 06139e8c
GwEUI: 24E124FFFEFE11C4
AppEUI: 24E124C0002A0001
Device EUI/Group Name: 24E124445E318071
Class Type: Class C
Immediately: -
Timestamp: 2128851763
Type: UpUnc
Adr: false
AdrAcKReq: false
Ack: false
Fcnt: 1007
Port: 85
Modulation: LORA
Bandwidth: 125
SpreadFactor: 7
Bitrate: 0
CodeRate: 4/5
SNR: 2.5
RSSI: -103
Power: -
Payload(b64): BAAABAAB
Payload(hex): 040000040001
JSON: {""gpio_in_2"":1}
MIC: 471cdd03"
24E124445E318071,24E124FFFEFE11C4,868300000,SF7BW125, -102/2.2,34,1006,UpUnc,2026-06-25T13:08:52+02:00,"Dev Addr/Multicast Addr: 06139e8c
GwEUI: 24E124FFFEFE11C4
AppEUI: 24E124C0002A0001
Device EUI/Group Name: 24E124445E318071
Class Type: Class C
Immediately: -
Timestamp: 2125102766
Type: UpUnc
Adr: false
AdrAcKReq: false
Ack: false
Fcnt: 1006
Port: 86
Modulation: LORA
Bandwidth: 125
SpreadFactor: 7
Bitrate: 0
CodeRate: 4/5
SNR: 2.2
RSSI: -102
Power: -
Payload(b64): Q1VTVE9NTUVTU0FHRVRFU1RGT1JHUklEQUNUSVZBVElPTg==
Payload(hex): 435553544f4d4d45535341474554455354464f524752494441435449564154494f4e
JSON: {""text"":""CUSTOMMESSAGETESTFORGRIDACTIVATION""}
MIC: 3510b7d5"
24E124445E318071,24E124FFFEFE11C4,868100000,SF7BW125, -103/2.5,3,1005,UpUnc,2026-06-25T13:08:47+02:00,"Dev Addr/Multicast Addr: 06139e8c
GwEUI: 24E124FFFEFE11C4
AppEUI: 24E124C0002A0001
Device EUI/Group Name: 24E124445E318071
Class Type: Class C
Immediately: -
Timestamp: 2119924715
Type: UpUnc
Adr: false
AdrAcKReq: false
Ack: false
Fcnt: 1005
Port: 85
Modulation: LORA
Bandwidth: 125
SpreadFactor: 7
Bitrate: 0
CodeRate: 4/5
SNR: 2.5
RSSI: -103
Power: -
Payload(b64): BAAB
Payload(hex): 040001
JSON: {""gpio_in_2"":1}
MIC: 4e96216a"
24E124445E318071,24E124FFFEFE11C4,868100000,SF7BW125, -105/-0.2,3,1004,UpUnc,2026-06-25T13:08:29+02:00,"Dev Addr/Multicast Addr: 06139e8c
GwEUI: 24E124FFFEFE11C4
AppEUI: 24E124C0002A0001
Device EUI/Group Name: 24E124445E318071
Class Type: Class C
Immediately: -
Timestamp: 2102311651
Type: UpUnc
Adr: false
AdrAcKReq: false
Ack: false
Fcnt: 1004
Port: 85
Modulation: LORA
Bandwidth: 125
SpreadFactor: 7
Bitrate: 0
CodeRate: 4/5
SNR: -0.2
RSSI: -105
Power: -
Payload(b64): BAAA
Payload(hex): 040000
JSON: {""gpio_in_2"":0}
MIC: 58d945ac"
24E124445E318071,24E124FFFEFE11C4,868500000,SF7BW125, -106/-4.0,34,995,UpUnc,2026-06-25T13:07:27+02:00,"Dev Addr/Multicast Addr: 06139e8c
GwEUI: 24E124FFFEFE11C4
AppEUI: 24E124C0002A0001
Device EUI/Group Name: 24E124445E318071
Class Type: Class C
Immediately: -
Timestamp: 2040681306
Type: UpUnc
Adr: false
AdrAcKReq: false
Ack: false
Fcnt: 995
Port: 86
Modulation: LORA
Bandwidth: 125
SpreadFactor: 7
Bitrate: 0
CodeRate: 4/5
SNR: -4.0
RSSI: -106
Power: -
Payload(b64): Q1VTVE9NTUVTU0FHRVRFU1RGT1JHUklEQUNUSVZBVElPTg==
Payload(hex): 435553544f4d4d45535341474554455354464f524752494441435449564154494f4e
JSON: {""text"":""CUSTOMMESSAGETESTFORGRIDACTIVATION""}
MIC: 5650fcba"
24E124445E318071,24E124FFFEFE11C4,868500000,SF7BW125, -103/-0.5,6,994,UpUnc,2026-06-25T13:07:23+02:00,"Dev Addr/Multicast Addr: 06139e8c
GwEUI: 24E124FFFEFE11C4
AppEUI: 24E124C0002A0001
Device EUI/Group Name: 24E124445E318071
Class Type: Class C
Immediately: -
Timestamp: 2036106669
Type: UpUnc
Adr: false
AdrAcKReq: false
Ack: false
Fcnt: 994
Port: 85
Modulation: LORA
Bandwidth: 125
SpreadFactor: 7
Bitrate: 0
CodeRate: 4/5
SNR: -0.5
RSSI: -103
Power: -
Payload(b64): BAAABAAB
Payload(hex): 040000040001
JSON: {""gpio_in_2"":1}
MIC: 2e1238b7"
24E124445E318071,24E124FFFEFE11C4,868300000,SF7BW125, -101/-1.2,34,993,UpUnc,2026-06-25T13:07:18+02:00,"Dev Addr/Multicast Addr: 06139e8c
GwEUI: 24E124FFFEFE11C4
AppEUI: 24E124C0002A0001
Device EUI/Group Name: 24E124445E318071
Class Type: Class C
Immediately: -
Timestamp: 2031603814
Type: UpUnc
Adr: false
AdrAcKReq: false
Ack: false
Fcnt: 993
Port: 86
Modulation: LORA
Bandwidth: 125
SpreadFactor: 7
Bitrate: 0
CodeRate: 4/5
SNR: -1.2
RSSI: -101
Power: -
Payload(b64): Q1VTVE9NTUVTU0FHRVRFU1RGT1JHUklEQUNUSVZBVElPTg==
Payload(hex): 435553544f4d4d45535341474554455354464f524752494441435449564154494f4e
JSON: {""text"":""CUSTOMMESSAGETESTFORGRIDACTIVATION""}
MIC: 263659c2"
24E124445E318071,24E124FFFEFE11C4,868500000,SF7BW125, -105/-2.0,34,991,UpUnc,2026-06-25T13:07:08+02:00,"Dev Addr/Multicast Addr: 06139e8c
GwEUI: 24E124FFFEFE11C4
AppEUI: 24E124C0002A0001
Device EUI/Group Name: 24E124445E318071
Class Type: Class C
Immediately: -
Timestamp: 2021266813
Type: UpUnc
Adr: false
AdrAcKReq: false
Ack: false
Fcnt: 991
Port: 86
Modulation: LORA
Bandwidth: 125
SpreadFactor: 7
Bitrate: 0
CodeRate: 4/5
SNR: -2.0
RSSI: -105
Power: -
Payload(b64): Q1VTVE9NTUVTU0FHRVRFU1RGT1JHUklEQUNUSVZBVElPTg==
Payload(hex): 435553544f4d4d45535341474554455354464f524752494441435449564154494f4e
JSON: {""text"":""CUSTOMMESSAGETESTFORGRIDACTIVATION""}
MIC: 30f9440e"
24E124445E318071,24E124FFFEFE11C4,868100000,SF7BW125, -106/-3.5,6,990,UpUnc,2026-06-25T13:07:04+02:00,"Dev Addr/Multicast Addr: 06139e8c
GwEUI: 24E124FFFEFE11C4
AppEUI: 24E124C0002A0001
Device EUI/Group Name: 24E124445E318071
Class Type: Class C
Immediately: -
Timestamp: 2016806675
Type: UpUnc
Adr: false
AdrAcKReq: false
Ack: false
Fcnt: 990
Port: 85
Modulation: LORA
Bandwidth: 125
SpreadFactor: 7
Bitrate: 0
CodeRate: 4/5
SNR: -3.5
RSSI: -106
Power: -
Payload(b64): BAAABAAB
Payload(hex): 040000040001
JSON: {""gpio_in_2"":1}
MIC: 41414918"
24E124445E318071,24E124FFFEFE11C4,868500000,SF7BW125, -105/-4.2,34,989,UpUnc,2026-06-25T13:06:59+02:00,"Dev Addr/Multicast Addr: 06139e8c
GwEUI: 24E124FFFEFE11C4
AppEUI: 24E124C0002A0001
Device EUI/Group Name: 24E124445E318071
Class Type: Class C
Immediately: -
Timestamp: 2012100780
Type: UpUnc
Adr: false
AdrAcKReq: false
Ack: false
Fcnt: 989
Port: 86
Modulation: LORA
Bandwidth: 125
SpreadFactor: 7
Bitrate: 0
CodeRate: 4/5
SNR: -4.2
RSSI: -105
Power: -
Payload(b64): Q1VTVE9NTUVTU0FHRVRFU1RGT1JHUklEQUNUSVZBVElPTg==
Payload(hex): 435553544f4d4d45535341474554455354464f524752494441435449564154494f4e
JSON: {""text"":""CUSTOMMESSAGETESTFORGRIDACTIVATION""}
MIC: cb45cdef"
24E124445E318071,24E124FFFEFE11C4,868500000,SF7BW125, -106/-3.0,34,987,UpUnc,2026-06-25T13:06:51+02:00,"Dev Addr/Multicast Addr: 06139e8c
GwEUI: 24E124FFFEFE11C4
AppEUI: 24E124C0002A0001
Device EUI/Group Name: 24E124445E318071
Class Type: Class C
Immediately: -
Timestamp: 2004661764
Type: UpUnc
Adr: false
AdrAcKReq: false
Ack: false
Fcnt: 987
Port: 86
Modulation: LORA
Bandwidth: 125
SpreadFactor: 7
Bitrate: 0
CodeRate: 4/5
SNR: -3.0
RSSI: -106
Power: -
Payload(b64): Q1VTVE9NTUVTU0FHRVRFU1RGT1JHUklEQUNUSVZBVElPTg==
Payload(hex): 435553544f4d4d45535341474554455354464f524752494441435449564154494f4e
JSON: {""text"":""CUSTOMMESSAGETESTFORGRIDACTIVATION""}
MIC: cb27121f"
24E124445E318071,24E124FFFEFE11C4,868300000,SF7BW125, -106/-4.2,34,984,UpUnc,2026-06-25T13:06:38+02:00,"Dev Addr/Multicast Addr: 06139e8c
GwEUI: 24E124FFFEFE11C4
AppEUI: 24E124C0002A0001
Device EUI/Group Name: 24E124445E318071
Class Type: Class C
Immediately: -
Timestamp: 1990872800
Type: UpUnc
Adr: false
AdrAcKReq: false
Ack: false
Fcnt: 984
Port: 86
Modulation: LORA
Bandwidth: 125
SpreadFactor: 7
Bitrate: 0
CodeRate: 4/5
SNR: -4.2
RSSI: -106
Power: -
Payload(b64): Q1VTVE9NTUVTU0FHRVRFU1RGT1JHUklEQUNUSVZBVElPTg==
Payload(hex): 435553544f4d4d45535341474554455354464f524752494441435449564154494f4e
JSON: {""text"":""CUSTOMMESSAGETESTFORGRIDACTIVATION""}
MIC: e4ceda94"
24E124445E318071,24E124FFFEFE11C4,868500000,SF7BW125, -98/5.8,6,983,UpUnc,2026-06-25T13:06:33+02:00,"Dev Addr/Multicast Addr: 06139e8c
GwEUI: 24E124FFFEFE11C4
AppEUI: 24E124C0002A0001
Device EUI/Group Name: 24E124445E318071
Class Type: Class C
Immediately: -
Timestamp: 1985787654
Type: UpUnc
Adr: false
AdrAcKReq: false
Ack: false
Fcnt: 983
Port: 85
Modulation: LORA
Bandwidth: 125
SpreadFactor: 7
Bitrate: 0
CodeRate: 4/5
SNR: 5.8
RSSI: -98
Power: -
Payload(b64): BAAABAAB
Payload(hex): 040000040001
JSON: {""gpio_in_2"":1}
MIC: 688a7c65"
24E124445E318071,24E124FFFEFE11C4,868500000,SF7BW125, -97/6.8,34,982,UpUnc,2026-06-25T13:06:28+02:00,"Dev Addr/Multicast Addr: 06139e8c
GwEUI: 24E124FFFEFE11C4
AppEUI: 24E124C0002A0001
Device EUI/Group Name: 24E124445E318071
Class Type: Class C
Immediately: -
Timestamp: 1981001818
Type: UpUnc
Adr: false
AdrAcKReq: false
Ack: false
Fcnt: 982
Port: 86
Modulation: LORA
Bandwidth: 125
SpreadFactor: 7
Bitrate: 0
CodeRate: 4/5
SNR: 6.8
RSSI: -97
Power: -
Payload(b64): Q1VTVE9NTUVTU0FHRVRFU1RGT1JHUklEQUNUSVZBVElPTg==
Payload(hex): 435553544f4d4d45535341474554455354464f524752494441435449564154494f4e
JSON: {""text"":""CUSTOMMESSAGETESTFORGRIDACTIVATION""}
MIC: 69404c5f"
24E124445E318071,24E124FFFEFE11C4,868100000,SF7BW125, -99/3.2,34,981,UpUnc,2026-06-25T13:06:23+02:00,"Dev Addr/Multicast Addr: 06139e8c
GwEUI: 24E124FFFEFE11C4
AppEUI: 24E124C0002A0001
Device EUI/Group Name: 24E124445E318071
Class Type: Class C
Immediately: -
Timestamp: 1975815783
Type: UpUnc
Adr: false
AdrAcKReq: false
Ack: false
Fcnt: 981
Port: 86
Modulation: LORA
Bandwidth: 125
SpreadFactor: 7
Bitrate: 0
CodeRate: 4/5
SNR: 3.2
RSSI: -99
Power: -
Payload(b64): Q1VTVE9NTUVTU0FHRVRFU1RGT1JHUklEQUNUSVZBVElPTg==
Payload(hex): 435553544f4d4d45535341474554455354464f524752494441435449564154494f4e
JSON: {""text"":""CUSTOMMESSAGETESTFORGRIDACTIVATION""}
MIC: fdf738e4"
24E124445E318071,24E124FFFEFE11C4,868100000,SF7BW125, -107/-4.0,6,980,UpUnc,2026-06-25T13:06:17+02:00,"Dev Addr/Multicast Addr: 06139e8c
GwEUI: 24E124FFFEFE11C4
AppEUI: 24E124C0002A0001
Device EUI/Group Name: 24E124445E318071
Class Type: Class C
Immediately: -
Timestamp: 1970401649
Type: UpUnc
Adr: false
AdrAcKReq: false
Ack: false
Fcnt: 980
Port: 85
Modulation: LORA
Bandwidth: 125
SpreadFactor: 7
Bitrate: 0
CodeRate: 4/5
SNR: -4.0
RSSI: -107
Power: -
Payload(b64): BAAABAAB
Payload(hex): 040000040001
JSON: {""gpio_in_2"":1}
MIC: b6e27d64"
24E124445E318071,24E124FFFEFE11C4,868300000,SF7BW125, -99/-0.8,34,979,UpUnc,2026-06-25T13:06:14+02:00,"Dev Addr/Multicast Addr: 06139e8c
GwEUI: 24E124FFFEFE11C4
AppEUI: 24E124C0002A0001
Device EUI/Group Name: 24E124445E318071
Class Type: Class C
Immediately: -
Timestamp: 1966872296
Type: UpUnc
Adr: false
AdrAcKReq: false
Ack: false
Fcnt: 979
Port: 86
Modulation: LORA
Bandwidth: 125
SpreadFactor: 7
Bitrate: 0
CodeRate: 4/5
SNR: -0.8
RSSI: -99
Power: -
Payload(b64): Q1VTVE9NTUVTU0FHRVRFU1RGT1JHUklEQUNUSVZBVElPTg==
Payload(hex): 435553544f4d4d45535341474554455354464f524752494441435449564154494f4e
JSON: {""text"":""CUSTOMMESSAGETESTFORGRIDACTIVATION""}
MIC: dda406f5"
24E124445E318071,24E124FFFEFE11C4,868500000,SF7BW125, -96/-1.2,6,978,UpUnc,2026-06-25T13:06:09+02:00,"Dev Addr/Multicast Addr: 06139e8c
GwEUI: 24E124FFFEFE11C4
AppEUI: 24E124C0002A0001
Device EUI/Group Name: 24E124445E318071
Class Type: Class C
Immediately: -
Timestamp: 1962540698
Type: UpUnc
Adr: false
AdrAcKReq: false
Ack: false
Fcnt: 978
Port: 85
Modulation: LORA
Bandwidth: 125
SpreadFactor: 7
Bitrate: 0
CodeRate: 4/5
SNR: -1.2
RSSI: -96
Power: -
Payload(b64): BAAABAAB
Payload(hex): 040000040001
JSON: {""gpio_in_2"":1}
MIC: 32d7dd5c"
24E124445E318071,24E124FFFEFE11C4,868500000,SF7BW125, -96/3.2,34,977,UpUnc,2026-06-25T13:06:06+02:00,"Dev Addr/Multicast Addr: 06139e8c
GwEUI: 24E124FFFEFE11C4
AppEUI: 24E124C0002A0001
Device EUI/Group Name: 24E124445E318071
Class Type: Class C
Immediately: -
Timestamp: 1959150735
Type: UpUnc
Adr: false
AdrAcKReq: false
Ack: false
Fcnt: 977
Port: 86
Modulation: LORA
Bandwidth: 125
SpreadFactor: 7
Bitrate: 0
CodeRate: 4/5
SNR: 3.2
RSSI: -96
Power: -
Payload(b64): Q1VTVE9NTUVTU0FHRVRFU1RGT1JHUklEQUNUSVZBVElPTg==
Payload(hex): 435553544f4d4d45535341474554455354464f524752494441435449564154494f4e
JSON: {""text"":""CUSTOMMESSAGETESTFORGRIDACTIVATION""}
MIC: 1f21822a"
24E124445E318071,24E124FFFEFE11C4,868300000,SF7BW125, -102/2.0,6,976,UpUnc,2026-06-25T13:06:02+02:00,"Dev Addr/Multicast Addr: 06139e8c
GwEUI: 24E124FFFEFE11C4
AppEUI: 24E124C0002A0001
Device EUI/Group Name: 24E124445E318071
Class Type: Class C
Immediately: -
Timestamp: 1955420643
Type: UpUnc
Adr: false
AdrAcKReq: false
Ack: false
Fcnt: 976
Port: 85
Modulation: LORA
Bandwidth: 125
SpreadFactor: 7
Bitrate: 0
CodeRate: 4/5
SNR: 2.0
RSSI: -102
Power: -
Payload(b64): BAAABAAB
Payload(hex): 040000040001
JSON: {""gpio_in_2"":1}
MIC: a0af0454"
24E124445E318071,24E124FFFEFE11C4,868100000,SF7BW125, -104/1.0,34,975,UpUnc,2026-06-25T13:05:58+02:00,"Dev Addr/Multicast Addr: 06139e8c
GwEUI: 24E124FFFEFE11C4
AppEUI: 24E124C0002A0001
Device EUI/Group Name: 24E124445E318071
Class Type: Class C
Immediately: -
Timestamp: 1951521772
Type: UpUnc
Adr: false
AdrAcKReq: false
Ack: false
Fcnt: 975
Port: 86
Modulation: LORA
Bandwidth: 125
SpreadFactor: 7
Bitrate: 0
CodeRate: 4/5
SNR: 1.0
RSSI: -104
Power: -
Payload(b64): Q1VTVE9NTUVTU0FHRVRFU1RGT1JHUklEQUNUSVZBVElPTg==
Payload(hex): 435553544f4d4d45535341474554455354464f524752494441435449564154494f4e
JSON: {""text"":""CUSTOMMESSAGETESTFORGRIDACTIVATION""}
MIC: 66c75570"
24E124445E318071,24E124FFFEFE11C4,868500000,SF7BW125, -103/2.0,6,974,UpUnc,2026-06-25T13:05:53+02:00,"Dev Addr/Multicast Addr: 06139e8c
GwEUI: 24E124FFFEFE11C4
AppEUI: 24E124C0002A0001
Device EUI/Group Name: 24E124445E318071
Class Type: Class C
Immediately: -
Timestamp: 1945887692
Type: UpUnc
Adr: false
AdrAcKReq: false
Ack: false
Fcnt: 974
Port: 85
Modulation: LORA
Bandwidth: 125
SpreadFactor: 7
Bitrate: 0
CodeRate: 4/5
SNR: 2.0
RSSI: -103
Power: -
Payload(b64): BAAABAAB
Payload(hex): 040000040001
JSON: {""gpio_in_2"":1}
MIC: 5bac253c"
24E124445E318071,24E124FFFEFE11C4,868500000,SF7BW125, -103/2.2,34,973,UpUnc,2026-06-25T13:05:47+02:00,"Dev Addr/Multicast Addr: 06139e8c
GwEUI: 24E124FFFEFE11C4
AppEUI: 24E124C0002A0001
Device EUI/Group Name: 24E124445E318071
Class Type: Class C
Immediately: -
Timestamp: 1940571757
Type: UpUnc
Adr: false
AdrAcKReq: false
Ack: false
Fcnt: 973
Port: 86
Modulation: LORA
Bandwidth: 125
SpreadFactor: 7
Bitrate: 0
CodeRate: 4/5
SNR: 2.2
RSSI: -103
Power: -
Payload(b64): Q1VTVE9NTUVTU0FHRVRFU1RGT1JHUklEQUNUSVZBVElPTg==
Payload(hex): 435553544f4d4d45535341474554455354464f524752494441435449564154494f4e
JSON: {""text"":""CUSTOMMESSAGETESTFORGRIDACTIVATION""}
MIC: aae042d7"
24E124445E318071,24E124FFFEFE11C4,868300000,SF7BW125, -103/2.0,6,972,UpUnc,2026-06-25T13:05:42+02:00,"Dev Addr/Multicast Addr: 06139e8c
GwEUI: 24E124FFFEFE11C4
AppEUI: 24E124C0002A0001
Device EUI/Group Name: 24E124445E318071
Class Type: Class C
Immediately: -
Timestamp: 1935109689
Type: UpUnc
Adr: false
AdrAcKReq: false
Ack: false
Fcnt: 972
Port: 85
Modulation: LORA
Bandwidth: 125
SpreadFactor: 7
Bitrate: 0
CodeRate: 4/5
SNR: 2.0
RSSI: -103
Power: -
Payload(b64): BAAABAAB
Payload(hex): 040000040001
JSON: {""gpio_in_2"":1}
MIC: f4d33e21"
24E124445E318071,24E124FFFEFE11C4,868100000,SF7BW125, -104/0.8,34,971,UpUnc,2026-06-25T13:05:37+02:00,"Dev Addr/Multicast Addr: 06139e8c
GwEUI: 24E124FFFEFE11C4
AppEUI: 24E124C0002A0001
Device EUI/Group Name: 24E124445E318071
Class Type: Class C
Immediately: -
Timestamp: 1929959764
Type: UpUnc
Adr: false
AdrAcKReq: false
Ack: false
Fcnt: 971
Port: 86
Modulation: LORA
Bandwidth: 125
SpreadFactor: 7
Bitrate: 0
CodeRate: 4/5
SNR: 0.8
RSSI: -104
Power: -
Payload(b64): Q1VTVE9NTUVTU0FHRVRFU1RGT1JHUklEQUNUSVZBVElPTg==
Payload(hex): 435553544f4d4d45535341474554455354464f524752494441435449564154494f4e
JSON: {""text"":""CUSTOMMESSAGETESTFORGRIDACTIVATION""}
MIC: b641959f"
24E124445E318071,24E124FFFEFE11C4,868100000,SF7BW125, -105/-4.2,6,970,UpUnc,2026-06-25T13:05:33+02:00,"Dev Addr/Multicast Addr: 06139e8c
GwEUI: 24E124FFFEFE11C4
AppEUI: 24E124C0002A0001
Device EUI/Group Name: 24E124445E318071
Class Type: Class C
Immediately: -
Timestamp: 1925910658
Type: UpUnc
Adr: false
AdrAcKReq: false
Ack: false
Fcnt: 970
Port: 85
Modulation: LORA
Bandwidth: 125
SpreadFactor: 7
Bitrate: 0
CodeRate: 4/5
SNR: -4.2
RSSI: -105
Power: -
Payload(b64): BAAABAAB
Payload(hex): 040000040001
JSON: {""gpio_in_2"":1}
MIC: cdbfee67"
24E124445E318071,24E124FFFEFE11C4,868500000,SF7BW125, -101/3.2,34,969,UpUnc,2026-06-25T13:05:28+02:00,"Dev Addr/Multicast Addr: 06139e8c
GwEUI: 24E124FFFEFE11C4
AppEUI: 24E124C0002A0001
Device EUI/Group Name: 24E124445E318071
Class Type: Class C
Immediately: -
Timestamp: 1920907767
Type: UpUnc
Adr: false
AdrAcKReq: false
Ack: false
Fcnt: 969
Port: 86
Modulation: LORA
Bandwidth: 125
SpreadFactor: 7
Bitrate: 0
CodeRate: 4/5
SNR: 3.2
RSSI: -101
Power: -
Payload(b64): Q1VTVE9NTUVTU0FHRVRFU1RGT1JHUklEQUNUSVZBVElPTg==
Payload(hex): 435553544f4d4d45535341474554455354464f524752494441435449564154494f4e
JSON: {""text"":""CUSTOMMESSAGETESTFORGRIDACTIVATION""}
MIC: ea63b438"
24E124445E318071,24E124FFFEFE11C4,868500000,SF7BW125, -105/-5.5,6,968,UpUnc,2026-06-25T13:05:23+02:00,"Dev Addr/Multicast Addr: 06139e8c
GwEUI: 24E124FFFEFE11C4
AppEUI: 24E124C0002A0001
Device EUI/Group Name: 24E124445E318071
Class Type: Class C
Immediately: -
Timestamp: 1916204640
Type: UpUnc
Adr: false
AdrAcKReq: false
Ack: false
Fcnt: 968
Port: 85
Modulation: LORA
Bandwidth: 125
SpreadFactor: 7
Bitrate: 0
CodeRate: 4/5
SNR: -5.5
RSSI: -105
Power: -
Payload(b64): BAAABAAB
Payload(hex): 040000040001
JSON: {""gpio_in_2"":1}
MIC: 7351457e"
24E124445E318071,24E124FFFEFE11C4,868500000,SF7BW125, -96/2.2,34,967,UpUnc,2026-06-25T13:05:18+02:00,"Dev Addr/Multicast Addr: 06139e8c
GwEUI: 24E124FFFEFE11C4
AppEUI: 24E124C0002A0001
Device EUI/Group Name: 24E124445E318071
Class Type: Class C
Immediately: -
Timestamp: 1911201704
Type: UpUnc
Adr: false
AdrAcKReq: false
Ack: false
Fcnt: 967
Port: 86
Modulation: LORA
Bandwidth: 125
SpreadFactor: 7
Bitrate: 0
CodeRate: 4/5
SNR: 2.2
RSSI: -96
Power: -
Payload(b64): Q1VTVE9NTUVTU0FHRVRFU1RGT1JHUklEQUNUSVZBVElPTg==
Payload(hex): 435553544f4d4d45535341474554455354464f524752494441435449564154494f4e
JSON: {""text"":""CUSTOMMESSAGETESTFORGRIDACTIVATION""}
MIC: 780adbd4"
24E124445E318071,24E124FFFEFE11C4,868100000,SF7BW125, -95/7.0,34,966,UpUnc,2026-06-25T13:05:14+02:00,"Dev Addr/Multicast Addr: 06139e8c
GwEUI: 24E124FFFEFE11C4
AppEUI: 24E124C0002A0001
Device EUI/Group Name: 24E124445E318071
Class Type: Class C
Immediately: -
Timestamp: 1906835781
Type: UpUnc
Adr: false
AdrAcKReq: false
Ack: false
Fcnt: 966
Port: 86
Modulation: LORA
Bandwidth: 125
SpreadFactor: 7
Bitrate: 0
CodeRate: 4/5
SNR: 7.0
RSSI: -95
Power: -
Payload(b64): Q1VTVE9NTUVTU0FHRVRFU1RGT1JHUklEQUNUSVZBVElPTg==
Payload(hex): 435553544f4d4d45535341474554455354464f524752494441435449564154494f4e
JSON: {""text"":""CUSTOMMESSAGETESTFORGRIDACTIVATION""}
MIC: 2d4bab22"
24E124445E318071,24E124FFFEFE11C4,868500000,SF7BW125, -97/7.0,6,965,UpUnc,2026-06-25T13:05:10+02:00,"Dev Addr/Multicast Addr: 06139e8c
GwEUI: 24E124FFFEFE11C4
AppEUI: 24E124C0002A0001
Device EUI/Group Name: 24E124445E318071
Class Type: Class C
Immediately: -
Timestamp: 1903439687
Type: UpUnc
Adr: false
AdrAcKReq: false
Ack: false
Fcnt: 965
Port: 85
Modulation: LORA
Bandwidth: 125
SpreadFactor: 7
Bitrate: 0
CodeRate: 4/5
SNR: 7.0
RSSI: -97
Power: -
Payload(b64): BAAABAAB
Payload(hex): 040000040001
JSON: {""gpio_in_2"":1}
MIC: 5125ddf5"
24E124445E318071,24E124FFFEFE11C4,868100000,SF7BW125, -97/8.2,34,964,UpUnc,2026-06-25T13:05:06+02:00,"Dev Addr/Multicast Addr: 06139e8c
GwEUI: 24E124FFFEFE11C4
AppEUI: 24E124C0002A0001
Device EUI/Group Name: 24E124445E318071
Class Type: Class C
Immediately: -
Timestamp: 1899501759
Type: UpUnc
Adr: false
AdrAcKReq: false
Ack: false
Fcnt: 964
Port: 86
Modulation: LORA
Bandwidth: 125
SpreadFactor: 7
Bitrate: 0
CodeRate: 4/5
SNR: 8.2
RSSI: -97
Power: -
Payload(b64): Q1VTVE9NTUVTU0FHRVRFU1RGT1JHUklEQUNUSVZBVElPTg==
Payload(hex): 435553544f4d4d45535341474554455354464f524752494441435449564154494f4e
JSON: {""text"":""CUSTOMMESSAGETESTFORGRIDACTIVATION""}
MIC: c51ff07f"
24E124445E318071,24E124FFFEFE11C4,868500000,SF7BW125, -97/6.2,6,963,UpUnc,2026-06-25T13:05:01+02:00,"Dev Addr/Multicast Addr: 06139e8c
GwEUI: 24E124FFFEFE11C4
AppEUI: 24E124C0002A0001
Device EUI/Group Name: 24E124445E318071
Class Type: Class C
Immediately: -
Timestamp: 1894670610
Type: UpUnc
Adr: false
AdrAcKReq: false
Ack: false
Fcnt: 963
Port: 85
Modulation: LORA
Bandwidth: 125
SpreadFactor: 7
Bitrate: 0
CodeRate: 4/5
SNR: 6.2
RSSI: -97
Power: -
Payload(b64): BAAABAAB
Payload(hex): 040000040001
JSON: {""gpio_in_2"":1}
MIC: 1926001c"
24E124445E318071,24E124FFFEFE11C4,868500000,SF7BW125, -97/6.5,34,962,UpUnc,2026-06-25T13:04:57+02:00,"Dev Addr/Multicast Addr: 06139e8c
GwEUI: 24E124FFFEFE11C4
AppEUI: 24E124C0002A0001
Device EUI/Group Name: 24E124445E318071
Class Type: Class C
Immediately: -
Timestamp: 1889812745
Type: UpUnc
Adr: false
AdrAcKReq: false
Ack: false
Fcnt: 962
Port: 86
Modulation: LORA
Bandwidth: 125
SpreadFactor: 7
Bitrate: 0
CodeRate: 4/5
SNR: 6.5
RSSI: -97
Power: -
Payload(b64): Q1VTVE9NTUVTU0FHRVRFU1RGT1JHUklEQUNUSVZBVElPTg==
Payload(hex): 435553544f4d4d45535341474554455354464f524752494441435449564154494f4e
JSON: {""text"":""CUSTOMMESSAGETESTFORGRIDACTIVATION""}
MIC: d1b340f2"
24E124445E318071,24E124FFFEFE11C4,868500000,SF7BW125, -98/6.5,6,961,UpUnc,2026-06-25T13:04:52+02:00,"Dev Addr/Multicast Addr: 06139e8c
GwEUI: 24E124FFFEFE11C4
AppEUI: 24E124C0002A0001
Device EUI/Group Name: 24E124445E318071
Class Type: Class C
Immediately: -
Timestamp: 1884995637
Type: UpUnc
Adr: false
AdrAcKReq: false
Ack: false
Fcnt: 961
Port: 85
Modulation: LORA
Bandwidth: 125
SpreadFactor: 7
Bitrate: 0
CodeRate: 4/5
SNR: 6.5
RSSI: -98
Power: -
Payload(b64): BAAABAAB
Payload(hex): 040000040001
JSON: {""gpio_in_2"":1}
MIC: a5dc446d"
24E124445E318071,24E124FFFEFE11C4,868500000,SF7BW125, -96/6.0,34,960,UpUnc,2026-06-25T13:04:47+02:00,"Dev Addr/Multicast Addr: 06139e8c
GwEUI: 24E124FFFEFE11C4
AppEUI: 24E124C0002A0001
Device EUI/Group Name: 24E124445E318071
Class Type: Class C
Immediately: -
Timestamp: 1880349752
Type: UpUnc
Adr: false
AdrAcKReq: false
Ack: false
Fcnt: 960
Port: 86
Modulation: LORA
Bandwidth: 125
SpreadFactor: 7
Bitrate: 0
CodeRate: 4/5
SNR: 6.0
RSSI: -96
Power: -
Payload(b64): Q1VTVE9NTUVTU0FHRVRFU1RGT1JHUklEQUNUSVZBVElPTg==
Payload(hex): 435553544f4d4d45535341474554455354464f524752494441435449564154494f4e
JSON: {""text"":""CUSTOMMESSAGETESTFORGRIDACTIVATION""}
MIC: 0c404fdc"
24E124445E318071,24E124FFFEFE11C4,868300000,SF7BW125, -93/4.5,6,959,UpUnc,2026-06-25T13:04:43+02:00,"Dev Addr/Multicast Addr: 06139e8c
GwEUI: 24E124FFFEFE11C4
AppEUI: 24E124C0002A0001
Device EUI/Group Name: 24E124445E318071
Class Type: Class C
Immediately: -
Timestamp: 1876406676
Type: UpUnc
Adr: false
AdrAcKReq: false
Ack: false
Fcnt: 959
Port: 85
Modulation: LORA
Bandwidth: 125
SpreadFactor: 7
Bitrate: 0
CodeRate: 4/5
SNR: 4.5
RSSI: -93
Power: -
Payload(b64): BAAABAAB
Payload(hex): 040000040001
JSON: {""gpio_in_2"":1}
MIC: 7301ff0b"
24E124445E318071,24E124FFFEFE11C4,868500000,SF7BW125, -97/7.0,34,958,UpUnc,2026-06-25T13:04:40+02:00,"Dev Addr/Multicast Addr: 06139e8c
GwEUI: 24E124FFFEFE11C4
AppEUI: 24E124C0002A0001
Device EUI/Group Name: 24E124445E318071
Class Type: Class C
Immediately: -
Timestamp: 1872890745
Type: UpUnc
Adr: false
AdrAcKReq: false
Ack: false
Fcnt: 958
Port: 86
Modulation: LORA
Bandwidth: 125
SpreadFactor: 7
Bitrate: 0
CodeRate: 4/5
SNR: 7.0
RSSI: -97
Power: -
Payload(b64): Q1VTVE9NTUVTU0FHRVRFU1RGT1JHUklEQUNUSVZBVElPTg==
Payload(hex): 435553544f4d4d45535341474554455354464f524752494441435449564154494f4e
JSON: {""text"":""CUSTOMMESSAGETESTFORGRIDACTIVATION""}
MIC: 54be317a"
24E124445E318071,24E124FFFEFE11C4,868100000,SF7BW125, -94/9.2,6,957,UpUnc,2026-06-25T13:04:35+02:00,"Dev Addr/Multicast Addr: 06139e8c
GwEUI: 24E124FFFEFE11C4
AppEUI: 24E124C0002A0001
Device EUI/Group Name: 24E124445E318071
Class Type: Class C
Immediately: -
Timestamp: 1868229628
Type: UpUnc
Adr: false
AdrAcKReq: false
Ack: false
Fcnt: 957
Port: 85
Modulation: LORA
Bandwidth: 125
SpreadFactor: 7
Bitrate: 0
CodeRate: 4/5
SNR: 9.2
RSSI: -94
Power: -
Payload(b64): BAAABAAB
Payload(hex): 040000040001
JSON: {""gpio_in_2"":1}
MIC: d3846d20"
24E124445E318071,24E124FFFEFE11C4,868300000,SF7BW125, -93/10.0,34,956,UpUnc,2026-06-25T13:04:30+02:00,"Dev Addr/Multicast Addr: 06139e8c
GwEUI: 24E124FFFEFE11C4
AppEUI: 24E124C0002A0001
Device EUI/Group Name: 24E124445E318071
Class Type: Class C
Immediately: -
Timestamp: 1863163748
Type: UpUnc
Adr: false
AdrAcKReq: false
Ack: false
Fcnt: 956
Port: 86
Modulation: LORA
Bandwidth: 125
SpreadFactor: 7
Bitrate: 0
CodeRate: 4/5
SNR: 10.0
RSSI: -93
Power: -
Payload(b64): Q1VTVE9NTUVTU0FHRVRFU1RGT1JHUklEQUNUSVZBVElPTg==
Payload(hex): 435553544f4d4d45535341474554455354464f524752494441435449564154494f4e
JSON: {""text"":""CUSTOMMESSAGETESTFORGRIDACTIVATION""}
MIC: fdbd64ff"
24E124445E318071,24E124FFFEFE11C4,868100000,SF7BW125, -94/9.0,6,955,UpUnc,2026-06-25T13:04:26+02:00,"Dev Addr/Multicast Addr: 06139e8c
GwEUI: 24E124FFFEFE11C4
AppEUI: 24E124C0002A0001
Device EUI/Group Name: 24E124445E318071
Class Type: Class C
Immediately: -
Timestamp: 1858879622
Type: UpUnc
Adr: false
AdrAcKReq: false
Ack: false
Fcnt: 955
Port: 85
Modulation: LORA
Bandwidth: 125
SpreadFactor: 7
Bitrate: 0
CodeRate: 4/5
SNR: 9.0
RSSI: -94
Power: -
Payload(b64): BAAABAAB
Payload(hex): 040000040001
JSON: {""gpio_in_2"":1}
MIC: 6c777746"
24E124445E318071,24E124FFFEFE11C4,868500000,SF7BW125, -93/8.5,34,954,UpUnc,2026-06-25T13:04:21+02:00,"Dev Addr/Multicast Addr: 06139e8c
GwEUI: 24E124FFFEFE11C4
AppEUI: 24E124C0002A0001
Device EUI/Group Name: 24E124445E318071
Class Type: Class C
Immediately: -
Timestamp: 1854106751
Type: UpUnc
Adr: false
AdrAcKReq: false
Ack: false
Fcnt: 954
Port: 86
Modulation: LORA
Bandwidth: 125
SpreadFactor: 7
Bitrate: 0
CodeRate: 4/5
SNR: 8.5
RSSI: -93
Power: -
Payload(b64): Q1VTVE9NTUVTU0FHRVRFU1RGT1JHUklEQUNUSVZBVElPTg==
Payload(hex): 435553544f4d4d45535341474554455354464f524752494441435449564154494f4e
JSON: {""text"":""CUSTOMMESSAGETESTFORGRIDACTIVATION""}
MIC: 2a163544"
24E124445E318071,24E124FFFEFE11C4,868500000,SF7BW125, -93/6.0,34,953,UpUnc,2026-06-25T13:04:15+02:00,"Dev Addr/Multicast Addr: 06139e8c
GwEUI: 24E124FFFEFE11C4
AppEUI: 24E124C0002A0001
Device EUI/Group Name: 24E124445E318071
Class Type: Class C
Immediately: -
Timestamp: 1848741725
Type: UpUnc
Adr: false
AdrAcKReq: false
Ack: false
Fcnt: 953
Port: 86
Modulation: LORA
Bandwidth: 125
SpreadFactor: 7
Bitrate: 0
CodeRate: 4/5
SNR: 6.0
RSSI: -93
Power: -
Payload(b64): Q1VTVE9NTUVTU0FHRVRFU1RGT1JHUklEQUNUSVZBVElPTg==
Payload(hex): 435553544f4d4d45535341474554455354464f524752494441435449564154494f4e
JSON: {""text"":""CUSTOMMESSAGETESTFORGRIDACTIVATION""}
MIC: 5a661f52"
24E124445E318071,24E124FFFEFE11C4,868300000,SF7BW125, -94/10.0,6,952,UpUnc,2026-06-25T13:04:12+02:00,"Dev Addr/Multicast Addr: 06139e8c
GwEUI: 24E124FFFEFE11C4
AppEUI: 24E124C0002A0001
Device EUI/Group Name: 24E124445E318071
Class Type: Class C
Immediately: -
Timestamp: 1844857625
Type: UpUnc
Adr: false
AdrAcKReq: false
Ack: false
Fcnt: 952
Port: 85
Modulation: LORA
Bandwidth: 125
SpreadFactor: 7
Bitrate: 0
CodeRate: 4/5
SNR: 10.0
RSSI: -94
Power: -
Payload(b64): BAAABAAB
Payload(hex): 040000040001
JSON: {""gpio_in_2"":1}
MIC: a5280e2c"
24E124445E318071,24E124FFFEFE11C4,868300000,SF7BW125, -93/10.0,34,951,UpUnc,2026-06-25T13:04:08+02:00,"Dev Addr/Multicast Addr: 06139e8c
GwEUI: 24E124FFFEFE11C4
AppEUI: 24E124C0002A0001
Device EUI/Group Name: 24E124445E318071
Class Type: Class C
Immediately: -
Timestamp: 1840978802
Type: UpUnc
Adr: false
AdrAcKReq: false
Ack: false
Fcnt: 951
Port: 86
Modulation: LORA
Bandwidth: 125
SpreadFactor: 7
Bitrate: 0
CodeRate: 4/5
SNR: 10.0
RSSI: -93
Power: -
Payload(b64): Q1VTVE9NTUVTU0FHRVRFU1RGT1JHUklEQUNUSVZBVElPTg==
Payload(hex): 435553544f4d4d45535341474554455354464f524752494441435449564154494f4e
JSON: {""text"":""CUSTOMMESSAGETESTFORGRIDACTIVATION""}
MIC: f46323bb"
24E124445E318071,24E124FFFEFE11C4,868100000,SF7BW125, -94/10.0,6,950,UpUnc,2026-06-25T13:04:04+02:00,"Dev Addr/Multicast Addr: 06139e8c
GwEUI: 24E124FFFEFE11C4
AppEUI: 24E124C0002A0001
Device EUI/Group Name: 24E124445E318071
Class Type: Class C
Immediately: -
Timestamp: 1837024769
Type: UpUnc
Adr: false
AdrAcKReq: false
Ack: false
Fcnt: 950
Port: 85
Modulation: LORA
Bandwidth: 125
SpreadFactor: 7
Bitrate: 0
CodeRate: 4/5
SNR: 10.0
RSSI: -94
Power: -
Payload(b64): BAAABAAB
Payload(hex): 040000040001
JSON: {""gpio_in_2"":1}
MIC: ecd318c8"
24E124445E318071,24E124FFFEFE11C4,868100000,SF7BW125, -95/9.8,34,949,UpUnc,2026-06-25T13:03:59+02:00,"Dev Addr/Multicast Addr: 06139e8c
GwEUI: 24E124FFFEFE11C4
AppEUI: 24E124C0002A0001
Device EUI/Group Name: 24E124445E318071
Class Type: Class C
Immediately: -
Timestamp: 1832477754
Type: UpUnc
Adr: false
AdrAcKReq: false
Ack: false
Fcnt: 949
Port: 86
Modulation: LORA
Bandwidth: 125
SpreadFactor: 7
Bitrate: 0
CodeRate: 4/5
SNR: 9.8
RSSI: -95
Power: -
Payload(b64): Q1VTVE9NTUVTU0FHRVRFU1RGT1JHUklEQUNUSVZBVElPTg==
Payload(hex): 435553544f4d4d45535341474554455354464f524752494441435449564154494f4e
JSON: {""text"":""CUSTOMMESSAGETESTFORGRIDACTIVATION""}
MIC: 9d21bcaa"
24E124445E318071,24E124FFFEFE11C4,868100000,SF7BW125, -94/10.0,6,948,UpUnc,2026-06-25T13:03:54+02:00,"Dev Addr/Multicast Addr: 06139e8c
GwEUI: 24E124FFFEFE11C4
AppEUI: 24E124C0002A0001
Device EUI/Group Name: 24E124445E318071
Class Type: Class C
Immediately: -
Timestamp: 1827542616
Type: UpUnc
Adr: false
AdrAcKReq: false
Ack: false
Fcnt: 948
Port: 85
Modulation: LORA
Bandwidth: 125
SpreadFactor: 7
Bitrate: 0
CodeRate: 4/5
SNR: 10.0
RSSI: -94
Power: -
Payload(b64): BAAABAAB
Payload(hex): 040000040001
JSON: {""gpio_in_2"":1}
MIC: 6d511d1d"
24E124445E318071,24E124FFFEFE11C4,868500000,SF7BW125, -94/8.5,34,947,UpUnc,2026-06-25T13:03:50+02:00,"Dev Addr/Multicast Addr: 06139e8c
GwEUI: 24E124FFFEFE11C4
AppEUI: 24E124C0002A0001
Device EUI/Group Name: 24E124445E318071
Class Type: Class C
Immediately: -
Timestamp: 1823588745
Type: UpUnc
Adr: false
AdrAcKReq: false
Ack: false
Fcnt: 947
Port: 86
Modulation: LORA
Bandwidth: 125
SpreadFactor: 7
Bitrate: 0
CodeRate: 4/5
SNR: 8.5
RSSI: -94
Power: -
Payload(b64): Q1VTVE9NTUVTU0FHRVRFU1RGT1JHUklEQUNUSVZBVElPTg==
Payload(hex): 435553544f4d4d45535341474554455354464f524752494441435449564154494f4e
JSON: {""text"":""CUSTOMMESSAGETESTFORGRIDACTIVATION""}
MIC: bb5d1d33"
24E124445E318071,24E124FFFEFE11C4,868100000,SF7BW125, -94/9.8,6,946,UpUnc,2026-06-25T13:03:46+02:00,"Dev Addr/Multicast Addr: 06139e8c
GwEUI: 24E124FFFEFE11C4
AppEUI: 24E124C0002A0001
Device EUI/Group Name: 24E124445E318071
Class Type: Class C
Immediately: -
Timestamp: 1819401653
Type: UpUnc
Adr: false
AdrAcKReq: false
Ack: false
Fcnt: 946
Port: 85
Modulation: LORA
Bandwidth: 125
SpreadFactor: 7
Bitrate: 0
CodeRate: 4/5
SNR: 9.8
RSSI: -94
Power: -
Payload(b64): BAAABAAB
Payload(hex): 040000040001
JSON: {""gpio_in_2"":1}
MIC: d8b44a5f"
24E124445E318071,24E124FFFEFE11C4,868300000,SF7BW125, -94/10.0,34,945,UpUnc,2026-06-25T13:03:41+02:00,"Dev Addr/Multicast Addr: 06139e8c
GwEUI: 24E124FFFEFE11C4
AppEUI: 24E124C0002A0001
Device EUI/Group Name: 24E124445E318071
Class Type: Class C
Immediately: -
Timestamp: 1814251775
Type: UpUnc
Adr: false
AdrAcKReq: false
Ack: false
Fcnt: 945
Port: 86
Modulation: LORA
Bandwidth: 125
SpreadFactor: 7
Bitrate: 0
CodeRate: 4/5
SNR: 10.0
RSSI: -94
Power: -
Payload(b64): Q1VTVE9NTUVTU0FHRVRFU1RGT1JHUklEQUNUSVZBVElPTg==
Payload(hex): 435553544f4d4d45535341474554455354464f524752494441435449564154494f4e
JSON: {""text"":""CUSTOMMESSAGETESTFORGRIDACTIVATION""}
MIC: fee0060e"
24E124445E318071,24E124FFFEFE11C4,868300000,SF7BW125, -94/10.0,6,944,UpUnc,2026-06-25T13:03:36+02:00,"Dev Addr/Multicast Addr: 06139e8c
GwEUI: 24E124FFFEFE11C4
AppEUI: 24E124C0002A0001
Device EUI/Group Name: 24E124445E318071
Class Type: Class C
Immediately: -
Timestamp: 1809498636
Type: UpUnc
Adr: false
AdrAcKReq: false
Ack: false
Fcnt: 944
Port: 85
Modulation: LORA
Bandwidth: 125
SpreadFactor: 7
Bitrate: 0
CodeRate: 4/5
SNR: 10.0
RSSI: -94
Power: -
Payload(b64): BAAABAAB
Payload(hex): 040000040001
JSON: {""gpio_in_2"":1}
MIC: 9fc39e96"
24E124445E318071,24E124FFFEFE11C4,868100000,SF7BW125, -95/10.0,34,943,UpUnc,2026-06-25T13:03:32+02:00,"Dev Addr/Multicast Addr: 06139e8c
GwEUI: 24E124FFFEFE11C4
AppEUI: 24E124C0002A0001
Device EUI/Group Name: 24E124445E318071
Class Type: Class C
Immediately: -
Timestamp: 1805327759
Type: UpUnc
Adr: false
AdrAcKReq: false
Ack: false
Fcnt: 943
Port: 86
Modulation: LORA
Bandwidth: 125
SpreadFactor: 7
Bitrate: 0
CodeRate: 4/5
SNR: 10.0
RSSI: -95
Power: -
Payload(b64): Q1VTVE9NTUVTU0FHRVRFU1RGT1JHUklEQUNUSVZBVElPTg==
Payload(hex): 435553544f4d4d45535341474554455354464f524752494441435449564154494f4e
JSON: {""text"":""CUSTOMMESSAGETESTFORGRIDACTIVATION""}
MIC: 0791cf43"
24E124445E318071,24E124FFFEFE11C4,868100000,SF7BW125, -94/9.5,6,942,UpUnc,2026-06-25T13:03:28+02:00,"Dev Addr/Multicast Addr: 06139e8c
GwEUI: 24E124FFFEFE11C4
AppEUI: 24E124C0002A0001
Device EUI/Group Name: 24E124445E318071
Class Type: Class C
Immediately: -
Timestamp: 1800821616
Type: UpUnc
Adr: false
AdrAcKReq: false
Ack: false
Fcnt: 942
Port: 85
Modulation: LORA
Bandwidth: 125
SpreadFactor: 7
Bitrate: 0
CodeRate: 4/5
SNR: 9.5
RSSI: -94
Power: -
Payload(b64): BAAABAAB
Payload(hex): 040000040001
JSON: {""gpio_in_2"":1}
MIC: a79e5198"
24E124445E318071,24E124FFFEFE11C4,868100000,SF7BW125, -95/9.8,34,941,UpUnc,2026-06-25T13:03:23+02:00,"Dev Addr/Multicast Addr: 06139e8c
GwEUI: 24E124FFFEFE11C4
AppEUI: 24E124C0002A0001
Device EUI/Group Name: 24E124445E318071
Class Type: Class C
Immediately: -
Timestamp: 1796283761
Type: UpUnc
Adr: false
AdrAcKReq: false
Ack: false
Fcnt: 941
Port: 86
Modulation: LORA
Bandwidth: 125
SpreadFactor: 7
Bitrate: 0
CodeRate: 4/5
SNR: 9.8
RSSI: -95
Power: -
Payload(b64): Q1VTVE9NTUVTU0FHRVRFU1RGT1JHUklEQUNUSVZBVElPTg==
Payload(hex): 435553544f4d4d45535341474554455354464f524752494441435449564154494f4e
JSON: {""text"":""CUSTOMMESSAGETESTFORGRIDACTIVATION""}
MIC: 3ce84c01"
24E124445E318071,24E124FFFEFE11C4,868500000,SF7BW125, -95/8.5,6,940,UpUnc,2026-06-25T13:03:19+02:00,"Dev Addr/Multicast Addr: 06139e8c
GwEUI: 24E124FFFEFE11C4
AppEUI: 24E124C0002A0001
Device EUI/Group Name: 24E124445E318071
Class Type: Class C
Immediately: -
Timestamp: 1792090601
Type: UpUnc
Adr: false
AdrAcKReq: false
Ack: false
Fcnt: 940
Port: 85
Modulation: LORA
Bandwidth: 125
SpreadFactor: 7
Bitrate: 0
CodeRate: 4/5
SNR: 8.5
RSSI: -95
Power: -
Payload(b64): BAAABAAB
Payload(hex): 040000040001
JSON: {""gpio_in_2"":1}
MIC: c81e26d2"
24E124445E318071,24E124FFFEFE11C4,868500000,SF7BW125, -94/6.5,34,939,UpUnc,2026-06-25T13:03:14+02:00,"Dev Addr/Multicast Addr: 06139e8c
GwEUI: 24E124FFFEFE11C4
AppEUI: 24E124C0002A0001
Device EUI/Group Name: 24E124445E318071
Class Type: Class C
Immediately: -
Timestamp: 1787731741
Type: UpUnc
Adr: false
AdrAcKReq: false
Ack: false
Fcnt: 939
Port: 86
Modulation: LORA
Bandwidth: 125
SpreadFactor: 7
Bitrate: 0
CodeRate: 4/5
SNR: 6.5
RSSI: -94
Power: -
Payload(b64): Q1VTVE9NTUVTU0FHRVRFU1RGT1JHUklEQUNUSVZBVElPTg==
Payload(hex): 435553544f4d4d45535341474554455354464f524752494441435449564154494f4e
JSON: {""text"":""CUSTOMMESSAGETESTFORGRIDACTIVATION""}
MIC: 3e50c761"
24E124445E318071,24E124FFFEFE11C4,868300000,SF7BW125, -94/6.0,6,938,UpUnc,2026-06-25T13:03:10+02:00,"Dev Addr/Multicast Addr: 06139e8c
GwEUI: 24E124FFFEFE11C4
AppEUI: 24E124C0002A0001
Device EUI/Group Name: 24E124445E318071
Class Type: Class C
Immediately: -
Timestamp: 1783321658
Type: UpUnc
Adr: false
AdrAcKReq: false
Ack: false
Fcnt: 938
Port: 85
Modulation: LORA
Bandwidth: 125
SpreadFactor: 7
Bitrate: 0
CodeRate: 4/5
SNR: 6.0
RSSI: -94
Power: -
Payload(b64): BAAABAAB
Payload(hex): 040000040001
JSON: {""gpio_in_2"":1}
MIC: a2f0f1bd"
24E124445E318071,24E124FFFEFE11C4,868100000,SF7BW125, -94/10.0,34,937,UpUnc,2026-06-25T13:03:07+02:00,"Dev Addr/Multicast Addr: 06139e8c
GwEUI: 24E124FFFEFE11C4
AppEUI: 24E124C0002A0001
Device EUI/Group Name: 24E124445E318071
Class Type: Class C
Immediately: -
Timestamp: 1779934741
Type: UpUnc
Adr: false
AdrAcKReq: false
Ack: false
Fcnt: 937
Port: 86
Modulation: LORA
Bandwidth: 125
SpreadFactor: 7
Bitrate: 0
CodeRate: 4/5
SNR: 10.0
RSSI: -94
Power: -
Payload(b64): Q1VTVE9NTUVTU0FHRVRFU1RGT1JHUklEQUNUSVZBVElPTg==
Payload(hex): 435553544f4d4d45535341474554455354464f524752494441435449564154494f4e
JSON: {""text"":""CUSTOMMESSAGETESTFORGRIDACTIVATION""}
MIC: c8fd5203"
24E124445E318071,24E124FFFEFE11C4,868300000,SF7BW125, -93/9.8,6,936,UpUnc,2026-06-25T13:03:02+02:00,"Dev Addr/Multicast Addr: 06139e8c
GwEUI: 24E124FFFEFE11C4
AppEUI: 24E124C0002A0001
Device EUI/Group Name: 24E124445E318071
Class Type: Class C
Immediately: -
Timestamp: 1775666669
Type: UpUnc
Adr: false
AdrAcKReq: false
Ack: false
Fcnt: 936
Port: 85
Modulation: LORA
Bandwidth: 125
SpreadFactor: 7
Bitrate: 0
CodeRate: 4/5
SNR: 9.8
RSSI: -93
Power: -
Payload(b64): BAAABAAB
Payload(hex): 040000040001
JSON: {""gpio_in_2"":1}
MIC: f08766a0"
24E124445E318071,24E124FFFEFE11C4,868300000,SF7BW125, -93/11.0,34,935,UpUnc,2026-06-25T13:02:58+02:00,"Dev Addr/Multicast Addr: 06139e8c
GwEUI: 24E124FFFEFE11C4
AppEUI: 24E124C0002A0001
Device EUI/Group Name: 24E124445E318071
Class Type: Class C
Immediately: -
Timestamp: 1770987727
Type: UpUnc
Adr: false
AdrAcKReq: false
Ack: false
Fcnt: 935
Port: 86
Modulation: LORA
Bandwidth: 125
SpreadFactor: 7
Bitrate: 0
CodeRate: 4/5
SNR: 11.0
RSSI: -93
Power: -
Payload(b64): Q1VTVE9NTUVTU0FHRVRFU1RGT1JHUklEQUNUSVZBVElPTg==
Payload(hex): 435553544f4d4d45535341474554455354464f524752494441435449564154494f4e
JSON: {""text"":""CUSTOMMESSAGETESTFORGRIDACTIVATION""}
MIC: 4c5d7c71"
24E124445E318071,24E124FFFEFE11C4,868500000,SF7BW125, -92/9.0,34,934,UpUnc,2026-06-25T13:02:54+02:00,"Dev Addr/Multicast Addr: 06139e8c
GwEUI: 24E124FFFEFE11C4
AppEUI: 24E124C0002A0001
Device EUI/Group Name: 24E124445E318071
Class Type: Class C
Immediately: -
Timestamp: 1767597674
Type: UpUnc
Adr: false
AdrAcKReq: false
Ack: false
Fcnt: 934
Port: 86
Modulation: LORA
Bandwidth: 125
SpreadFactor: 7
Bitrate: 0
CodeRate: 4/5
SNR: 9.0
RSSI: -92
Power: -
Payload(b64): Q1VTVE9NTUVTU0FHRVRFU1RGT1JHUklEQUNUSVZBVElPTg==
Payload(hex): 435553544f4d4d45535341474554455354464f524752494441435449564154494f4e
JSON: {""text"":""CUSTOMMESSAGETESTFORGRIDACTIVATION""}
MIC: 17c4ca37"
24E124445E318071,24E124FFFEFE11C4,868500000,SF7BW125, -93/9.0,3,933,UpUnc,2026-06-25T13:02:50+02:00,"Dev Addr/Multicast Addr: 06139e8c
GwEUI: 24E124FFFEFE11C4
AppEUI: 24E124C0002A0001
Device EUI/Group Name: 24E124445E318071
Class Type: Class C
Immediately: -
Timestamp: 1763068583
Type: UpUnc
Adr: false
AdrAcKReq: false
Ack: false
Fcnt: 933
Port: 85
Modulation: LORA
Bandwidth: 125
SpreadFactor: 7
Bitrate: 0
CodeRate: 4/5
SNR: 9.0
RSSI: -93
Power: -
Payload(b64): BAAB
Payload(hex): 040001
JSON: {""gpio_in_2"":1}
MIC: ff1b7bec"
24E124445E318071,24E124FFFEFE11C4,868300000,SF7BW125, -93/10.0,3,932,UpUnc,2026-06-25T13:02:23+02:00,"Dev Addr/Multicast Addr: 06139e8c
GwEUI: 24E124FFFEFE11C4
AppEUI: 24E124C0002A0001
Device EUI/Group Name: 24E124445E318071
Class Type: Class C
Immediately: -
Timestamp: 1736398620
Type: UpUnc
Adr: false
AdrAcKReq: false
Ack: false
Fcnt: 932
Port: 85
Modulation: LORA
Bandwidth: 125
SpreadFactor: 7
Bitrate: 0
CodeRate: 4/5
SNR: 10.0
RSSI: -93
Power: -
Payload(b64): BAAA
Payload(hex): 040000
JSON: {""gpio_in_2"":0}
MIC: a395bd4d"
24E124445E318071,24E124FFFEFE11C4,868300000,SF7BW125, -88/12.0,34,931,UpUnc,2026-06-25T13:02:19+02:00,"Dev Addr/Multicast Addr: 06139e8c
GwEUI: 24E124FFFEFE11C4
AppEUI: 24E124C0002A0001
Device EUI/Group Name: 24E124445E318071
Class Type: Class C
Immediately: -
Timestamp: 1731868721
Type: UpUnc
Adr: false
AdrAcKReq: false
Ack: false
Fcnt: 931
Port: 86
Modulation: LORA
Bandwidth: 125
SpreadFactor: 7
Bitrate: 0
CodeRate: 4/5
SNR: 12.0
RSSI: -88
Power: -
Payload(b64): Q1VTVE9NTUVTU0FHRVRFU1RGT1JHUklEQUNUSVZBVElPTg==
Payload(hex): 435553544f4d4d45535341474554455354464f524752494441435449564154494f4e
JSON: {""text"":""CUSTOMMESSAGETESTFORGRIDACTIVATION""}
MIC: e9177c4b"
24E124445E318071,24E124FFFEFE11C4,868100000,SF7BW125, -96/6.8,34,930,UpUnc,2026-06-25T13:02:13+02:00,"Dev Addr/Multicast Addr: 06139e8c
GwEUI: 24E124FFFEFE11C4
AppEUI: 24E124C0002A0001
Device EUI/Group Name: 24E124445E318071
Class Type: Class C
Immediately: -
Timestamp: 1726689749
Type: UpUnc
Adr: false
AdrAcKReq: false
Ack: false
Fcnt: 930
Port: 86
Modulation: LORA
Bandwidth: 125
SpreadFactor: 7
Bitrate: 0
CodeRate: 4/5
SNR: 6.8
RSSI: -96
Power: -
Payload(b64): Q1VTVE9NTUVTU0FHRVRFU1RGT1JHUklEQUNUSVZBVElPTg==
Payload(hex): 435553544f4d4d45535341474554455354464f524752494441435449564154494f4e
JSON: {""text"":""CUSTOMMESSAGETESTFORGRIDACTIVATION""}
MIC: a6d070fd"
24E124445E318071,24E124FFFEFE11C4,868300000,SF7BW125, -95/10.0,34,929,UpUnc,2026-06-25T13:02:09+02:00,"Dev Addr/Multicast Addr: 06139e8c
GwEUI: 24E124FFFEFE11C4
AppEUI: 24E124C0002A0001
Device EUI/Group Name: 24E124445E318071
Class Type: Class C
Immediately: -
Timestamp: 1722575708
Type: UpUnc
Adr: false
AdrAcKReq: false
Ack: false
Fcnt: 929
Port: 86
Modulation: LORA
Bandwidth: 125
SpreadFactor: 7
Bitrate: 0
CodeRate: 4/5
SNR: 10.0
RSSI: -95
Power: -
Payload(b64): Q1VTVE9NTUVTU0FHRVRFU1RGT1JHUklEQUNUSVZBVElPTg==
Payload(hex): 435553544f4d4d45535341474554455354464f524752494441435449564154494f4e
JSON: {""text"":""CUSTOMMESSAGETESTFORGRIDACTIVATION""}
MIC: a72a16dc"
24E124445E318071,24E124FFFEFE11C4,868100000,SF7BW125, -103/0.5,34,928,UpUnc,2026-06-25T13:02:05+02:00,"Dev Addr/Multicast Addr: 06139e8c
GwEUI: 24E124FFFEFE11C4
AppEUI: 24E124C0002A0001
Device EUI/Group Name: 24E124445E318071
Class Type: Class C
Immediately: -
Timestamp: 1718190742
Type: UpUnc
Adr: false
AdrAcKReq: false
Ack: false
Fcnt: 928
Port: 86
Modulation: LORA
Bandwidth: 125
SpreadFactor: 7
Bitrate: 0
CodeRate: 4/5
SNR: 0.5
RSSI: -103
Power: -
Payload(b64): Q1VTVE9NTUVTU0FHRVRFU1RGT1JHUklEQUNUSVZBVElPTg==
Payload(hex): 435553544f4d4d45535341474554455354464f524752494441435449564154494f4e
JSON: {""text"":""CUSTOMMESSAGETESTFORGRIDACTIVATION""}
MIC: 49654da8"
24E124445E318071,24E124FFFEFE11C4,868100000,SF7BW125, -99/7.0,34,927,UpUnc,2026-06-25T13:02:00+02:00,"Dev Addr/Multicast Addr: 06139e8c
GwEUI: 24E124FFFEFE11C4
AppEUI: 24E124C0002A0001
Device EUI/Group Name: 24E124445E318071
Class Type: Class C
Immediately: -
Timestamp: 1713666666
Type: UpUnc
Adr: false
AdrAcKReq: false
Ack: false
Fcnt: 927
Port: 86
Modulation: LORA
Bandwidth: 125
SpreadFactor: 7
Bitrate: 0
CodeRate: 4/5
SNR: 7.0
RSSI: -99
Power: -
Payload(b64): Q1VTVE9NTUVTU0FHRVRFU1RGT1JHUklEQUNUSVZBVElPTg==
Payload(hex): 435553544f4d4d45535341474554455354464f524752494441435449564154494f4e
JSON: {""text"":""CUSTOMMESSAGETESTFORGRIDACTIVATION""}
MIC: 316e06d9"
24E124445E318071,24E124FFFEFE11C4,868300000,SF7BW125, -95/9.0,3,926,UpUnc,2026-06-25T13:01:54+02:00,"Dev Addr/Multicast Addr: 06139e8c
GwEUI: 24E124FFFEFE11C4
AppEUI: 24E124C0002A0001
Device EUI/Group Name: 24E124445E318071
Class Type: Class C
Immediately: -
Timestamp: 1707148556
Type: UpUnc
Adr: false
AdrAcKReq: false
Ack: false
Fcnt: 926
Port: 85
Modulation: LORA
Bandwidth: 125
SpreadFactor: 7
Bitrate: 0
CodeRate: 4/5
SNR: 9.0
RSSI: -95
Power: -
Payload(b64): BAAB
Payload(hex): 040001
JSON: {""gpio_in_2"":1}
MIC: ba54ad42"
24E124445E318071,24E124FFFEFE11C4,868500000,SF7BW125, -87/8.0,3,925,UpUnc,2026-06-25T13:01:37+02:00,"Dev Addr/Multicast Addr: 06139e8c
GwEUI: 24E124FFFEFE11C4
AppEUI: 24E124C0002A0001
Device EUI/Group Name: 24E124445E318071
Class Type: Class C
Immediately: -
Timestamp: 1690677582
Type: UpUnc
Adr: false
AdrAcKReq: false
Ack: false
Fcnt: 925
Port: 85
Modulation: LORA
Bandwidth: 125
SpreadFactor: 7
Bitrate: 0
CodeRate: 4/5
SNR: 8.0
RSSI: -87
Power: -
Payload(b64): BAAA
Payload(hex): 040000
JSON: {""gpio_in_2"":0}
MIC: 71826458"
24E124445E318071,24E124FFFEFE11C4,868100000,SF7BW125, -92/11.2,34,924,UpUnc,2026-06-25T13:01:33+02:00,"Dev Addr/Multicast Addr: 06139e8c
GwEUI: 24E124FFFEFE11C4
AppEUI: 24E124C0002A0001
Device EUI/Group Name: 24E124445E318071
Class Type: Class C
Immediately: -
Timestamp: 1686059661
Type: UpUnc
Adr: false
AdrAcKReq: false
Ack: false
Fcnt: 924
Port: 86
Modulation: LORA
Bandwidth: 125
SpreadFactor: 7
Bitrate: 0
CodeRate: 4/5
SNR: 11.2
RSSI: -92
Power: -
Payload(b64): Q1VTVE9NTUVTU0FHRVRFU1RGT1JHUklEQUNUSVZBVElPTg==
Payload(hex): 435553544f4d4d45535341474554455354464f524752494441435449564154494f4e
JSON: {""text"":""CUSTOMMESSAGETESTFORGRIDACTIVATION""}
MIC: c0d61f37"
24E124445E318071,24E124FFFEFE11C4,868100000,SF7BW125, -91/11.2,6,923,UpUnc,2026-06-25T13:01:28+02:00,"Dev Addr/Multicast Addr: 06139e8c
GwEUI: 24E124FFFEFE11C4
AppEUI: 24E124C0002A0001
Device EUI/Group Name: 24E124445E318071
Class Type: Class C
Immediately: -
Timestamp: 1680974619
Type: UpUnc
Adr: false
AdrAcKReq: false
Ack: false
Fcnt: 923
Port: 85
Modulation: LORA
Bandwidth: 125
SpreadFactor: 7
Bitrate: 0
CodeRate: 4/5
SNR: 11.2
RSSI: -91
Power: -
Payload(b64): BAAABAAB
Payload(hex): 040000040001
JSON: {""gpio_in_2"":1}
MIC: b1b34dea"
24E124445E318071,24E124FFFEFE11C4,868500000,SF7BW125, -96/8.0,34,922,UpUnc,2026-06-25T13:01:24+02:00,"Dev Addr/Multicast Addr: 06139e8c
GwEUI: 24E124FFFEFE11C4
AppEUI: 24E124C0002A0001
Device EUI/Group Name: 24E124445E318071
Class Type: Class C
Immediately: -
Timestamp: 1676994175
Type: UpUnc
Adr: false
AdrAcKReq: false
Ack: false
Fcnt: 922
Port: 86
Modulation: LORA
Bandwidth: 125
SpreadFactor: 7
Bitrate: 0
CodeRate: 4/5
SNR: 8.0
RSSI: -96
Power: -
Payload(b64): Q1VTVE9NTUVTU0FHRVRFU1RGT1JHUklEQUNUSVZBVElPTg==
Payload(hex): 435553544f4d4d45535341474554455354464f524752494441435449564154494f4e
JSON: {""text"":""CUSTOMMESSAGETESTFORGRIDACTIVATION""}
MIC: b68b673a"
24E124445E318071,24E124FFFEFE11C4,868300000,SF7BW125, -86/12.5,6,921,UpUnc,2026-06-25T13:01:19+02:00,"Dev Addr/Multicast Addr: 06139e8c
GwEUI: 24E124FFFEFE11C4
AppEUI: 24E124C0002A0001
Device EUI/Group Name: 24E124445E318071
Class Type: Class C
Immediately: -
Timestamp: 1672075586
Type: UpUnc
Adr: false
AdrAcKReq: false
Ack: false
Fcnt: 921
Port: 85
Modulation: LORA
Bandwidth: 125
SpreadFactor: 7
Bitrate: 0
CodeRate: 4/5
SNR: 12.5
RSSI: -86
Power: -
Payload(b64): BAAABAAB
Payload(hex): 040000040001
JSON: {""gpio_in_2"":1}
MIC: 4a2f36f6"
24E124445E318071,24E124FFFEFE11C4,868500000,SF7BW125, -88/7.8,34,920,UpUnc,2026-06-25T13:01:13+02:00,"Dev Addr/Multicast Addr: 06139e8c
GwEUI: 24E124FFFEFE11C4
AppEUI: 24E124C0002A0001
Device EUI/Group Name: 24E124445E318071
Class Type: Class C
Immediately: -
Timestamp: 1666681683
Type: UpUnc
Adr: false
AdrAcKReq: false
Ack: false
Fcnt: 920
Port: 86
Modulation: LORA
Bandwidth: 125
SpreadFactor: 7
Bitrate: 0
CodeRate: 4/5
SNR: 7.8
RSSI: -88
Power: -
Payload(b64): Q1VTVE9NTUVTU0FHRVRFU1RGT1JHUklEQUNUSVZBVElPTg==
Payload(hex): 435553544f4d4d45535341474554455354464f524752494441435449564154494f4e
JSON: {""text"":""CUSTOMMESSAGETESTFORGRIDACTIVATION""}
MIC: 53936220"
24E124445E318071,24E124FFFEFE11C4,868500000,SF7BW125, -87/9.8,6,919,UpUnc,2026-06-25T13:01:08+02:00,"Dev Addr/Multicast Addr: 06139e8c
GwEUI: 24E124FFFEFE11C4
AppEUI: 24E124C0002A0001
Device EUI/Group Name: 24E124445E318071
Class Type: Class C
Immediately: -
Timestamp: 1661727576
Type: UpUnc
Adr: false
AdrAcKReq: false
Ack: false
Fcnt: 919
Port: 85
Modulation: LORA
Bandwidth: 125
SpreadFactor: 7
Bitrate: 0
CodeRate: 4/5
SNR: 9.8
RSSI: -87
Power: -
Payload(b64): BAAABAAB
Payload(hex): 040000040001
JSON: {""gpio_in_2"":1}
MIC: 91743cca"
24E124445E318071,24E124FFFEFE11C4,868300000,SF7BW125, -86/10.5,34,918,UpUnc,2026-06-25T13:01:04+02:00,"Dev Addr/Multicast Addr: 06139e8c
GwEUI: 24E124FFFEFE11C4
AppEUI: 24E124C0002A0001
Device EUI/Group Name: 24E124445E318071
Class Type: Class C
Immediately: -
Timestamp: 1656774723
Type: UpUnc
Adr: false
AdrAcKReq: false
Ack: false
Fcnt: 918
Port: 86
Modulation: LORA
Bandwidth: 125
SpreadFactor: 7
Bitrate: 0
CodeRate: 4/5
SNR: 10.5
RSSI: -86
Power: -
Payload(b64): Q1VTVE9NTUVTU0FHRVRFU1RGT1JHUklEQUNUSVZBVElPTg==
Payload(hex): 435553544f4d4d45535341474554455354464f524752494441435449564154494f4e
JSON: {""text"":""CUSTOMMESSAGETESTFORGRIDACTIVATION""}
MIC: 1d6ea272"
24E124445E318071,24E124FFFEFE11C4,868300000,SF7BW125, -85/9.5,6,917,UpUnc,2026-06-25T13:00:59+02:00,"Dev Addr/Multicast Addr: 06139e8c
GwEUI: 24E124FFFEFE11C4
AppEUI: 24E124C0002A0001
Device EUI/Group Name: 24E124445E318071
Class Type: Class C
Immediately: -
Timestamp: 1651836643
Type: UpUnc
Adr: false
AdrAcKReq: false
Ack: false
Fcnt: 917
Port: 85
Modulation: LORA
Bandwidth: 125
SpreadFactor: 7
Bitrate: 0
CodeRate: 4/5
SNR: 9.5
RSSI: -85
Power: -
Payload(b64): BAAABAAB
Payload(hex): 040000040001
JSON: {""gpio_in_2"":1}
MIC: 3c80069b"
24E124445E318071,24E124FFFEFE11C4,868500000,SF7BW125, -85/7.8,34,916,UpUnc,2026-06-25T13:00:54+02:00,"Dev Addr/Multicast Addr: 06139e8c
GwEUI: 24E124FFFEFE11C4
AppEUI: 24E124C0002A0001
Device EUI/Group Name: 24E124445E318071
Class Type: Class C
Immediately: -
Timestamp: 1647607681
Type: UpUnc
Adr: false
AdrAcKReq: false
Ack: false
Fcnt: 916
Port: 86
Modulation: LORA
Bandwidth: 125
SpreadFactor: 7
Bitrate: 0
CodeRate: 4/5
SNR: 7.8
RSSI: -85
Power: -
Payload(b64): Q1VTVE9NTUVTU0FHRVRFU1RGT1JHUklEQUNUSVZBVElPTg==
Payload(hex): 435553544f4d4d45535341474554455354464f524752494441435449564154494f4e
JSON: {""text"":""CUSTOMMESSAGETESTFORGRIDACTIVATION""}
MIC: 4a5961ca"
24E124445E318071,24E124FFFEFE11C4,868100000,SF7BW125, -87/12.0,3,915,UpUnc,2026-06-25T13:00:50+02:00,"Dev Addr/Multicast Addr: 06139e8c
GwEUI: 24E124FFFEFE11C4
AppEUI: 24E124C0002A0001
Device EUI/Group Name: 24E124445E318071
Class Type: Class C
Immediately: -
Timestamp: 1643693548
Type: UpUnc
Adr: false
AdrAcKReq: false
Ack: false
Fcnt: 915
Port: 85
Modulation: LORA
Bandwidth: 125
SpreadFactor: 7
Bitrate: 0
CodeRate: 4/5
SNR: 12.0
RSSI: -87
Power: -
Payload(b64): BAAB
Payload(hex): 040001
JSON: {""gpio_in_2"":1}
MIC: 7c360a83"
24E124445E318071,24E124FFFEFE11C4,868300000,SF7BW125, -88/10.0,34,914,UpUnc,2026-06-25T13:00:46+02:00,"Dev Addr/Multicast Addr: 06139e8c
GwEUI: 24E124FFFEFE11C4
AppEUI: 24E124C0002A0001
Device EUI/Group Name: 24E124445E318071
Class Type: Class C
Immediately: -
Timestamp: 1639399652
Type: UpUnc
Adr: false
AdrAcKReq: false
Ack: false
Fcnt: 914
Port: 86
Modulation: LORA
Bandwidth: 125
SpreadFactor: 7
Bitrate: 0
CodeRate: 4/5
SNR: 10.0
RSSI: -88
Power: -
Payload(b64): Q1VTVE9NTUVTU0FHRVRFU1RGT1JHUklEQUNUSVZBVElPTg==
Payload(hex): 435553544f4d4d45535341474554455354464f524752494441435449564154494f4e
JSON: {""text"":""CUSTOMMESSAGETESTFORGRIDACTIVATION""}
MIC: 9a8c230f"
24E124445E318071,24E124FFFEFE11C4,868500000,SF7BW125, -87/11.0,3,913,UpUnc,2026-06-25T13:00:42+02:00,"Dev Addr/Multicast Addr: 06139e8c
GwEUI: 24E124FFFEFE11C4
AppEUI: 24E124C0002A0001
Device EUI/Group Name: 24E124445E318071
Class Type: Class C
Immediately: -
Timestamp: 1635234515
Type: UpUnc
Adr: false
AdrAcKReq: false
Ack: false
Fcnt: 913
Port: 85
Modulation: LORA
Bandwidth: 125
SpreadFactor: 7
Bitrate: 0
CodeRate: 4/5
SNR: 11.0
RSSI: -87
Power: -
Payload(b64): BAAA
Payload(hex): 040000
JSON: {""gpio_in_2"":0}
MIC: 4804c128"
24E124445E318071,24E124FFFEFE11C4,868100000,SF7BW125, -/-,0,5,DnUnc,2026-06-25T13:00:31+02:00,"Dev Addr/Multicast Addr: 06139e8c
GwEUI: 24E124FFFEFE11C4
AppEUI: 24E124C0002A0001
Device EUI/Group Name: 24E124445E318071
Class Type: Class C
Immediately: false
Timestamp: 1624714631
Type: DnUnc
Adr: true
AdrAcKReq: false
Ack: false
Fcnt: 5
Port: -
Modulation: LORA
Bandwidth: 125
SpreadFactor: 7
Bitrate: 0
CodeRate: 4/5
SNR: -
RSSI: -
Power: 16
Payload(b64): 
Payload(hex): 
JSON: 
MIC: bc16b40b"
24E124445E318071,24E124FFFEFE11C4,868100000,SF7BW125, -82/11.8,0,912,UpUnc,2026-06-25T13:00:30+02:00,"Dev Addr/Multicast Addr: 06139e8c
GwEUI: 24E124FFFEFE11C4
AppEUI: 24E124C0002A0001
Device EUI/Group Name: 24E124445E318071
Class Type: Class C
Immediately: -
Timestamp: 1623714631
Type: UpUnc
Adr: false
AdrAcKReq: false
Ack: false
Fcnt: 912
Port: 0
Modulation: LORA
Bandwidth: 125
SpreadFactor: 7
Bitrate: 0
CodeRate: 4/5
SNR: 11.8
RSSI: -82
Power: -
Payload(b64): 
Payload(hex): 
JSON: 
MIC: 9cbe40c6"
24E124445E318071,24E124FFFEFE11C4,868100000,SF7BW125, -78/14.0,3,911,UpUnc,2026-06-25T13:00:22+02:00,"Dev Addr/Multicast Addr: 06139e8c
GwEUI: 24E124FFFEFE11C4
AppEUI: 24E124C0002A0001
Device EUI/Group Name: 24E124445E318071
Class Type: Class C
Immediately: -
Timestamp: 1615514539
Type: UpUnc
Adr: false
AdrAcKReq: false
Ack: false
Fcnt: 911
Port: 85
Modulation: LORA
Bandwidth: 125
SpreadFactor: 7
Bitrate: 0
CodeRate: 4/5
SNR: 14.0
RSSI: -78
Power: -
Payload(b64): BAAA
Payload(hex): 040000
JSON: {""gpio_in_2"":0}
MIC: 9036f9a6"
24E124445E318071,24E124FFFEFE11C4,868100000,SF7BW125, -85/10.0,34,910,UpUnc,2026-06-25T13:00:18+02:00,"Dev Addr/Multicast Addr: 06139e8c
GwEUI: 24E124FFFEFE11C4
AppEUI: 24E124C0002A0001
Device EUI/Group Name: 24E124445E318071
Class Type: Class C
Immediately: -
Timestamp: 1611548646
Type: UpUnc
Adr: false
AdrAcKReq: false
Ack: false
Fcnt: 910
Port: 86
Modulation: LORA
Bandwidth: 125
SpreadFactor: 7
Bitrate: 0
CodeRate: 4/5
SNR: 10.0
RSSI: -85
Power: -
Payload(b64): Q1VTVE9NTUVTU0FHRVRFU1RGT1JHUklEQUNUSVZBVElPTg==
Payload(hex): 435553544f4d4d45535341474554455354464f524752494441435449564154494f4e
JSON: {""text"":""CUSTOMMESSAGETESTFORGRIDACTIVATION""}
MIC: 4f700b32"
24E124445E318071,24E124FFFEFE11C4,868300000,SF7BW125, -82/13.5,34,909,UpUnc,2026-06-25T13:00:13+02:00,"Dev Addr/Multicast Addr: 06139e8c
GwEUI: 24E124FFFEFE11C4
AppEUI: 24E124C0002A0001
Device EUI/Group Name: 24E124445E318071
Class Type: Class C
Immediately: -
Timestamp: 1606362214
Type: UpUnc
Adr: false
AdrAcKReq: false
Ack: false
Fcnt: 909
Port: 86
Modulation: LORA
Bandwidth: 125
SpreadFactor: 7
Bitrate: 0
CodeRate: 4/5
SNR: 13.5
RSSI: -82
Power: -
Payload(b64): Q1VTVE9NTUVTU0FHRVRFU1RGT1JHUklEQUNUSVZBVElPTg==
Payload(hex): 435553544f4d4d45535341474554455354464f524752494441435449564154494f4e
JSON: {""text"":""CUSTOMMESSAGETESTFORGRIDACTIVATION""}
MIC: 2ce35802"
24E124445E318071,24E124FFFEFE11C4,868500000,SF7BW125, -80/11.0,6,908,UpUnc,2026-06-25T13:00:08+02:00,"Dev Addr/Multicast Addr: 06139e8c
GwEUI: 24E124FFFEFE11C4
AppEUI: 24E124C0002A0001
Device EUI/Group Name: 24E124445E318071
Class Type: Class C
Immediately: -
Timestamp: 1601517566
Type: UpUnc
Adr: false
AdrAcKReq: false
Ack: false
Fcnt: 908
Port: 85
Modulation: LORA
Bandwidth: 125
SpreadFactor: 7
Bitrate: 0
CodeRate: 4/5
SNR: 11.0
RSSI: -80
Power: -
Payload(b64): BAAABAAB
Payload(hex): 040000040001
JSON: {""gpio_in_2"":1}
MIC: d9e32f52"
24E124445E318071,24E124FFFEFE11C4,868300000,SF7BW125, -84/13.8,34,907,UpUnc,2026-06-25T13:00:04+02:00,"Dev Addr/Multicast Addr: 06139e8c
GwEUI: 24E124FFFEFE11C4
AppEUI: 24E124C0002A0001
Device EUI/Group Name: 24E124445E318071
Class Type: Class C
Immediately: -
Timestamp: 1597507684
Type: UpUnc
Adr: false
AdrAcKReq: false
Ack: false
Fcnt: 907
Port: 86
Modulation: LORA
Bandwidth: 125
SpreadFactor: 7
Bitrate: 0
CodeRate: 4/5
SNR: 13.8
RSSI: -84
Power: -
Payload(b64): Q1VTVE9NTUVTU0FHRVRFU1RGT1JHUklEQUNUSVZBVElPTg==
Payload(hex): 435553544f4d4d45535341474554455354464f524752494441435449564154494f4e
JSON: {""text"":""CUSTOMMESSAGETESTFORGRIDACTIVATION""}
MIC: e2e1518a"
24E124445E318071,24E124FFFEFE11C4,868100000,SF7BW125, -78/13.8,6,906,UpUnc,2026-06-25T12:59:59+02:00,"Dev Addr/Multicast Addr: 06139e8c
GwEUI: 24E124FFFEFE11C4
AppEUI: 24E124C0002A0001
Device EUI/Group Name: 24E124445E318071
Class Type: Class C
Immediately: -
Timestamp: 1592616609
Type: UpUnc
Adr: false
AdrAcKReq: false
Ack: false
Fcnt: 906
Port: 85
Modulation: LORA
Bandwidth: 125
SpreadFactor: 7
Bitrate: 0
CodeRate: 4/5
SNR: 13.8
RSSI: -78
Power: -
Payload(b64): BAAABAAB
Payload(hex): 040000040001
JSON: {""gpio_in_2"":1}
MIC: 58ee6df5"
24E124445E318071,24E124FFFEFE11C4,868300000,SF7BW125, -77/12.8,34,905,UpUnc,2026-06-25T12:59:54+02:00,"Dev Addr/Multicast Addr: 06139e8c
GwEUI: 24E124FFFEFE11C4
AppEUI: 24E124C0002A0001
Device EUI/Group Name: 24E124445E318071
Class Type: Class C
Immediately: -
Timestamp: 1587075681
Type: UpUnc
Adr: false
AdrAcKReq: false
Ack: false
Fcnt: 905
Port: 86
Modulation: LORA
Bandwidth: 125
SpreadFactor: 7
Bitrate: 0
CodeRate: 4/5
SNR: 12.8
RSSI: -77
Power: -
Payload(b64): Q1VTVE9NTUVTU0FHRVRFU1RGT1JHUklEQUNUSVZBVElPTg==
Payload(hex): 435553544f4d4d45535341474554455354464f524752494441435449564154494f4e
JSON: {""text"":""CUSTOMMESSAGETESTFORGRIDACTIVATION""}
MIC: eb9649e1"
24E124445E318071,24E124FFFEFE11C4,868100000,SF7BW125, -78/13.8,6,904,UpUnc,2026-06-25T12:59:49+02:00,"Dev Addr/Multicast Addr: 06139e8c
GwEUI: 24E124FFFEFE11C4
AppEUI: 24E124C0002A0001
Device EUI/Group Name: 24E124445E318071
Class Type: Class C
Immediately: -
Timestamp: 1582626555
Type: UpUnc
Adr: false
AdrAcKReq: false
Ack: false
Fcnt: 904
Port: 85
Modulation: LORA
Bandwidth: 125
SpreadFactor: 7
Bitrate: 0
CodeRate: 4/5
SNR: 13.8
RSSI: -78
Power: -
Payload(b64): BAAABAAB
Payload(hex): 040000040001
JSON: {""gpio_in_2"":1}
MIC: f1ed9a98"
24E124445E318071,24E124FFFEFE11C4,868100000,SF7BW125, -78/14.0,34,903,UpUnc,2026-06-25T12:59:45+02:00,"Dev Addr/Multicast Addr: 06139e8c
GwEUI: 24E124FFFEFE11C4
AppEUI: 24E124C0002A0001
Device EUI/Group Name: 24E124445E318071
Class Type: Class C
Immediately: -
Timestamp: 1578278638
Type: UpUnc
Adr: false
AdrAcKReq: false
Ack: false
Fcnt: 903
Port: 86
Modulation: LORA
Bandwidth: 125
SpreadFactor: 7
Bitrate: 0
CodeRate: 4/5
SNR: 14.0
RSSI: -78
Power: -
Payload(b64): Q1VTVE9NTUVTU0FHRVRFU1RGT1JHUklEQUNUSVZBVElPTg==
Payload(hex): 435553544f4d4d45535341474554455354464f524752494441435449564154494f4e
JSON: {""text"":""CUSTOMMESSAGETESTFORGRIDACTIVATION""}
MIC: f29acce6"
24E124445E318071,24E124FFFEFE11C4,868300000,SF7BW125, -77/14.0,3,902,UpUnc,2026-06-25T12:59:40+02:00,"Dev Addr/Multicast Addr: 06139e8c
GwEUI: 24E124FFFEFE11C4
AppEUI: 24E124C0002A0001
Device EUI/Group Name: 24E124445E318071
Class Type: Class C
Immediately: -
Timestamp: 1572793580
Type: UpUnc
Adr: false
AdrAcKReq: false
Ack: false
Fcnt: 902
Port: 85
Modulation: LORA
Bandwidth: 125
SpreadFactor: 7
Bitrate: 0
CodeRate: 4/5
SNR: 14.0
RSSI: -77
Power: -
Payload(b64): BAAB
Payload(hex): 040001
JSON: {""gpio_in_2"":1}
MIC: a83a95a5"
24E124445E318071,24E124FFFEFE11C4,868100000,SF7BW125, -77/14.0,3,901,UpUnc,2026-06-25T12:59:06+02:00,"Dev Addr/Multicast Addr: 06139e8c
GwEUI: 24E124FFFEFE11C4
AppEUI: 24E124C0002A0001
Device EUI/Group Name: 24E124445E318071
Class Type: Class C
Immediately: -
Timestamp: 1538781516
Type: UpUnc
Adr: false
AdrAcKReq: false
Ack: false
Fcnt: 901
Port: 85
Modulation: LORA
Bandwidth: 125
SpreadFactor: 7
Bitrate: 0
CodeRate: 4/5
SNR: 14.0
RSSI: -77
Power: -
Payload(b64): BAAA
Payload(hex): 040000
JSON: {""gpio_in_2"":0}
MIC: 08cbfc0d"
24E124445E318071,24E124FFFEFE11C4,868300000,SF7BW125, -69/14.2,34,900,UpUnc,2026-06-25T12:59:00+02:00,"Dev Addr/Multicast Addr: 06139e8c
GwEUI: 24E124FFFEFE11C4
AppEUI: 24E124C0002A0001
Device EUI/Group Name: 24E124445E318071
Class Type: Class C
Immediately: -
Timestamp: 1533664701
Type: UpUnc
Adr: false
AdrAcKReq: false
Ack: false
Fcnt: 900
Port: 86
Modulation: LORA
Bandwidth: 125
SpreadFactor: 7
Bitrate: 0
CodeRate: 4/5
SNR: 14.2
RSSI: -69
Power: -
Payload(b64): Q1VTVE9NTUVTU0FHRVRFU1RGT1JHUklEQUNUSVZBVElPTg==
Payload(hex): 435553544f4d4d45535341474554455354464f524752494441435449564154494f4e
JSON: {""text"":""CUSTOMMESSAGETESTFORGRIDACTIVATION""}
MIC: 3fd90437"
24E124445E318071,24E124FFFEFE11C4,868500000,SF7BW125, -68/10.8,6,899,UpUnc,2026-06-25T12:58:57+02:00,"Dev Addr/Multicast Addr: 06139e8c
GwEUI: 24E124FFFEFE11C4
AppEUI: 24E124C0002A0001
Device EUI/Group Name: 24E124445E318071
Class Type: Class C
Immediately: -
Timestamp: 1530075541
Type: UpUnc
Adr: false
AdrAcKReq: false
Ack: false
Fcnt: 899
Port: 85
Modulation: LORA
Bandwidth: 125
SpreadFactor: 7
Bitrate: 0
CodeRate: 4/5
SNR: 10.8
RSSI: -68
Power: -
Payload(b64): BAAABAAB
Payload(hex): 040000040001
JSON: {""gpio_in_2"":1}
MIC: 3dd262e7"
24E124445E318071,24E124FFFEFE11C4,868100000,SF7BW125, -70/13.5,34,898,UpUnc,2026-06-25T12:58:51+02:00,"Dev Addr/Multicast Addr: 06139e8c
GwEUI: 24E124FFFEFE11C4
AppEUI: 24E124C0002A0001
Device EUI/Group Name: 24E124445E318071
Class Type: Class C
Immediately: -
Timestamp: 1524670663
Type: UpUnc
Adr: false
AdrAcKReq: false
Ack: false
Fcnt: 898
Port: 86
Modulation: LORA
Bandwidth: 125
SpreadFactor: 7
Bitrate: 0
CodeRate: 4/5
SNR: 13.5
RSSI: -70
Power: -
Payload(b64): Q1VTVE9NTUVTU0FHRVRFU1RGT1JHUklEQUNUSVZBVElPTg==
Payload(hex): 435553544f4d4d45535341474554455354464f524752494441435449564154494f4e
JSON: {""text"":""CUSTOMMESSAGETESTFORGRIDACTIVATION""}
MIC: d36843d6"
24E124445E318071,24E124FFFEFE11C4,868300000,SF7BW125, -66/13.5,6,897,UpUnc,2026-06-25T12:58:47+02:00,"Dev Addr/Multicast Addr: 06139e8c
GwEUI: 24E124FFFEFE11C4
AppEUI: 24E124C0002A0001
Device EUI/Group Name: 24E124445E318071
Class Type: Class C
Immediately: -
Timestamp: 1520336531
Type: UpUnc
Adr: false
AdrAcKReq: false
Ack: false
Fcnt: 897
Port: 85
Modulation: LORA
Bandwidth: 125
SpreadFactor: 7
Bitrate: 0
CodeRate: 4/5
SNR: 13.5
RSSI: -66
Power: -
Payload(b64): BAAABAAB
Payload(hex): 040000040001
JSON: {""gpio_in_2"":1}
MIC: 789d6605"
24E124445E318071,24E124FFFEFE11C4,868300000,SF7BW125, -67/14.2,34,896,UpUnc,2026-06-25T12:58:43+02:00,"Dev Addr/Multicast Addr: 06139e8c
GwEUI: 24E124FFFEFE11C4
AppEUI: 24E124C0002A0001
Device EUI/Group Name: 24E124445E318071
Class Type: Class C
Immediately: -
Timestamp: 1515974629
Type: UpUnc
Adr: false
AdrAcKReq: false
Ack: false
Fcnt: 896
Port: 86
Modulation: LORA
Bandwidth: 125
SpreadFactor: 7
Bitrate: 0
CodeRate: 4/5
SNR: 14.2
RSSI: -67
Power: -
Payload(b64): Q1VTVE9NTUVTU0FHRVRFU1RGT1JHUklEQUNUSVZBVElPTg==
Payload(hex): 435553544f4d4d45535341474554455354464f524752494441435449564154494f4e
JSON: {""text"":""CUSTOMMESSAGETESTFORGRIDACTIVATION""}
MIC: 4392f34e"
24E124445E318071,24E124FFFEFE11C4,868500000,SF7BW125, -71/9.8,6,895,UpUnc,2026-06-25T12:58:37+02:00,"Dev Addr/Multicast Addr: 06139e8c
GwEUI: 24E124FFFEFE11C4
AppEUI: 24E124C0002A0001
Device EUI/Group Name: 24E124445E318071
Class Type: Class C
Immediately: -
Timestamp: 1510689545
Type: UpUnc
Adr: false
AdrAcKReq: false
Ack: false
Fcnt: 895
Port: 85
Modulation: LORA
Bandwidth: 125
SpreadFactor: 7
Bitrate: 0
CodeRate: 4/5
SNR: 9.8
RSSI: -71
Power: -
Payload(b64): BAAABAAB
Payload(hex): 040000040001
JSON: {""gpio_in_2"":1}
MIC: 8bcf388d"
24E124445E318071,24E124FFFEFE11C4,868500000,SF7BW125, -71/10.8,34,894,UpUnc,2026-06-25T12:58:34+02:00,"Dev Addr/Multicast Addr: 06139e8c
GwEUI: 24E124FFFEFE11C4
AppEUI: 24E124C0002A0001
Device EUI/Group Name: 24E124445E318071
Class Type: Class C
Immediately: -
Timestamp: 1506946183
Type: UpUnc
Adr: false
AdrAcKReq: false
Ack: false
Fcnt: 894
Port: 86
Modulation: LORA
Bandwidth: 125
SpreadFactor: 7
Bitrate: 0
CodeRate: 4/5
SNR: 10.8
RSSI: -71
Power: -
Payload(b64): Q1VTVE9NTUVTU0FHRVRFU1RGT1JHUklEQUNUSVZBVElPTg==
Payload(hex): 435553544f4d4d45535341474554455354464f524752494441435449564154494f4e
JSON: {""text"":""CUSTOMMESSAGETESTFORGRIDACTIVATION""}
MIC: 687f6892"
24E124445E318071,24E124FFFEFE11C4,868100000,SF7BW125, -71/13.2,6,893,UpUnc,2026-06-25T12:58:29+02:00,"Dev Addr/Multicast Addr: 06139e8c
GwEUI: 24E124FFFEFE11C4
AppEUI: 24E124C0002A0001
Device EUI/Group Name: 24E124445E318071
Class Type: Class C
Immediately: -
Timestamp: 1501981589
Type: UpUnc
Adr: false
AdrAcKReq: false
Ack: false
Fcnt: 893
Port: 85
Modulation: LORA
Bandwidth: 125
SpreadFactor: 7
Bitrate: 0
CodeRate: 4/5
SNR: 13.2
RSSI: -71
Power: -
Payload(b64): BAAABAAB
Payload(hex): 040000040001
JSON: {""gpio_in_2"":1}
MIC: a067c38e"
24E124445E318071,24E124FFFEFE11C4,868100000,SF7BW125, -71/13.2,34,892,UpUnc,2026-06-25T12:58:24+02:00,"Dev Addr/Multicast Addr: 06139e8c
GwEUI: 24E124FFFEFE11C4
AppEUI: 24E124C0002A0001
Device EUI/Group Name: 24E124445E318071
Class Type: Class C
Immediately: -
Timestamp: 1497032622
Type: UpUnc
Adr: false
AdrAcKReq: false
Ack: false
Fcnt: 892
Port: 86
Modulation: LORA
Bandwidth: 125
SpreadFactor: 7
Bitrate: 0
CodeRate: 4/5
SNR: 13.2
RSSI: -71
Power: -
Payload(b64): Q1VTVE9NTUVTU0FHRVRFU1RGT1JHUklEQUNUSVZBVElPTg==
Payload(hex): 435553544f4d4d45535341474554455354464f524752494441435449564154494f4e
JSON: {""text"":""CUSTOMMESSAGETESTFORGRIDACTIVATION""}
MIC: 128c2a56"
24E124445E318071,24E124FFFEFE11C4,868300000,SF7BW125, -72/14.2,3,891,UpUnc,2026-06-25T12:58:20+02:00,"Dev Addr/Multicast Addr: 06139e8c
GwEUI: 24E124FFFEFE11C4
AppEUI: 24E124C0002A0001
Device EUI/Group Name: 24E124445E318071
Class Type: Class C
Immediately: -
Timestamp: 1493176502
Type: UpUnc
Adr: false
AdrAcKReq: false
Ack: false
Fcnt: 891
Port: 85
Modulation: LORA
Bandwidth: 125
SpreadFactor: 7
Bitrate: 0
CodeRate: 4/5
SNR: 14.2
RSSI: -72
Power: -
Payload(b64): BAAB
Payload(hex): 040001
JSON: {""gpio_in_2"":1}
MIC: 074ffa83"
24E124445E318071,24E124FFFEFE11C4,868300000,SF7BW125, -64/14.0,3,890,UpUnc,2026-06-25T12:57:58+02:00,"Dev Addr/Multicast Addr: 06139e8c
GwEUI: 24E124FFFEFE11C4
AppEUI: 24E124C0002A0001
Device EUI/Group Name: 24E124445E318071
Class Type: Class C
Immediately: -
Timestamp: 1471359550
Type: UpUnc
Adr: false
AdrAcKReq: false
Ack: false
Fcnt: 890
Port: 85
Modulation: LORA
Bandwidth: 125
SpreadFactor: 7
Bitrate: 0
CodeRate: 4/5
SNR: 14.0
RSSI: -64
Power: -
Payload(b64): BAAA
Payload(hex): 040000
JSON: {""gpio_in_2"":0}
MIC: cc56c2b9"
24E124445E318071,24E124FFFEFE11C4,868300000,SF7BW125, -63/14.8,34,889,UpUnc,2026-06-25T12:57:54+02:00,"Dev Addr/Multicast Addr: 06139e8c
GwEUI: 24E124FFFEFE11C4
AppEUI: 24E124C0002A0001
Device EUI/Group Name: 24E124445E318071
Class Type: Class C
Immediately: -
Timestamp: 1467596688
Type: UpUnc
Adr: false
AdrAcKReq: false
Ack: false
Fcnt: 889
Port: 86
Modulation: LORA
Bandwidth: 125
SpreadFactor: 7
Bitrate: 0
CodeRate: 4/5
SNR: 14.8
RSSI: -63
Power: -
Payload(b64): Q1VTVE9NTUVTU0FHRVRFU1RGT1JHUklEQUNUSVZBVElPTg==
Payload(hex): 435553544f4d4d45535341474554455354464f524752494441435449564154494f4e
JSON: {""text"":""CUSTOMMESSAGETESTFORGRIDACTIVATION""}
MIC: a7942f33"
24E124445E318071,24E124FFFEFE11C4,868500000,SF7BW125, -61/10.0,34,888,UpUnc,2026-06-25T12:57:49+02:00,"Dev Addr/Multicast Addr: 06139e8c
GwEUI: 24E124FFFEFE11C4
AppEUI: 24E124C0002A0001
Device EUI/Group Name: 24E124445E318071
Class Type: Class C
Immediately: -
Timestamp: 1462296601
Type: UpUnc
Adr: false
AdrAcKReq: false
Ack: false
Fcnt: 888
Port: 86
Modulation: LORA
Bandwidth: 125
SpreadFactor: 7
Bitrate: 0
CodeRate: 4/5
SNR: 10.0
RSSI: -61
Power: -
Payload(b64): Q1VTVE9NTUVTU0FHRVRFU1RGT1JHUklEQUNUSVZBVElPTg==
Payload(hex): 435553544f4d4d45535341474554455354464f524752494441435449564154494f4e
JSON: {""text"":""CUSTOMMESSAGETESTFORGRIDACTIVATION""}
MIC: b1cdfa02"
24E124445E318071,24E124FFFEFE11C4,868300000,SF7BW125, -62/14.2,34,887,UpUnc,2026-06-25T12:57:45+02:00,"Dev Addr/Multicast Addr: 06139e8c
GwEUI: 24E124FFFEFE11C4
AppEUI: 24E124C0002A0001
Device EUI/Group Name: 24E124445E318071
Class Type: Class C
Immediately: -
Timestamp: 1457829656
Type: UpUnc
Adr: false
AdrAcKReq: false
Ack: false
Fcnt: 887
Port: 86
Modulation: LORA
Bandwidth: 125
SpreadFactor: 7
Bitrate: 0
CodeRate: 4/5
SNR: 14.2
RSSI: -62
Power: -
Payload(b64): Q1VTVE9NTUVTU0FHRVRFU1RGT1JHUklEQUNUSVZBVElPTg==
Payload(hex): 435553544f4d4d45535341474554455354464f524752494441435449564154494f4e
JSON: {""text"":""CUSTOMMESSAGETESTFORGRIDACTIVATION""}
MIC: ba3a1f22"
24E124445E318071,24E124FFFEFE11C4,868500000,SF7BW125, -62/11.5,34,886,UpUnc,2026-06-25T12:57:40+02:00,"Dev Addr/Multicast Addr: 06139e8c
GwEUI: 24E124FFFEFE11C4
AppEUI: 24E124C0002A0001
Device EUI/Group Name: 24E124445E318071
Class Type: Class C
Immediately: -
Timestamp: 1452840641
Type: UpUnc
Adr: false
AdrAcKReq: false
Ack: false
Fcnt: 886
Port: 86
Modulation: LORA
Bandwidth: 125
SpreadFactor: 7
Bitrate: 0
CodeRate: 4/5
SNR: 11.5
RSSI: -62
Power: -
Payload(b64): Q1VTVE9NTUVTU0FHRVRFU1RGT1JHUklEQUNUSVZBVElPTg==
Payload(hex): 435553544f4d4d45535341474554455354464f524752494441435449564154494f4e
JSON: {""text"":""CUSTOMMESSAGETESTFORGRIDACTIVATION""}
MIC: 173f6c64"
24E124445E318071,24E124FFFEFE11C4,868300000,SF7BW125, -62/13.5,6,885,UpUnc,2026-06-25T12:57:34+02:00,"Dev Addr/Multicast Addr: 06139e8c
GwEUI: 24E124FFFEFE11C4
AppEUI: 24E124C0002A0001
Device EUI/Group Name: 24E124445E318071
Class Type: Class C
Immediately: -
Timestamp: 1447341555
Type: UpUnc
Adr: false
AdrAcKReq: false
Ack: false
Fcnt: 885
Port: 85
Modulation: LORA
Bandwidth: 125
SpreadFactor: 7
Bitrate: 0
CodeRate: 4/5
SNR: 13.5
RSSI: -62
Power: -
Payload(b64): BAAABAAB
Payload(hex): 040000040001
JSON: {""gpio_in_2"":1}
MIC: 24489b4e"
24E124445E318071,24E124FFFEFE11C4,868100000,SF7BW125, -61/13.5,34,884,UpUnc,2026-06-25T12:57:30+02:00,"Dev Addr/Multicast Addr: 06139e8c
GwEUI: 24E124FFFEFE11C4
AppEUI: 24E124C0002A0001
Device EUI/Group Name: 24E124445E318071
Class Type: Class C
Immediately: -
Timestamp: 1443715658
Type: UpUnc
Adr: false
AdrAcKReq: false
Ack: false
Fcnt: 884
Port: 86
Modulation: LORA
Bandwidth: 125
SpreadFactor: 7
Bitrate: 0
CodeRate: 4/5
SNR: 13.5
RSSI: -61
Power: -
Payload(b64): Q1VTVE9NTUVTU0FHRVRFU1RGT1JHUklEQUNUSVZBVElPTg==
Payload(hex): 435553544f4d4d45535341474554455354464f524752494441435449564154494f4e
JSON: {""text"":""CUSTOMMESSAGETESTFORGRIDACTIVATION""}
MIC: 2bc1c273"
24E124445E318071,24E124FFFEFE11C4,868300000,SF7BW125, -61/14.0,3,883,UpUnc,2026-06-25T12:57:26+02:00,"Dev Addr/Multicast Addr: 06139e8c
GwEUI: 24E124FFFEFE11C4
AppEUI: 24E124C0002A0001
Device EUI/Group Name: 24E124445E318071
Class Type: Class C
Immediately: -
Timestamp: 1439511538
Type: UpUnc
Adr: false
AdrAcKReq: false
Ack: false
Fcnt: 883
Port: 85
Modulation: LORA
Bandwidth: 125
SpreadFactor: 7
Bitrate: 0
CodeRate: 4/5
SNR: 14.0
RSSI: -61
Power: -
Payload(b64): BAAB
Payload(hex): 040001
JSON: {""gpio_in_2"":1}
MIC: 875f0282"
24E124445E318071,24E124FFFEFE11C4,868300000,SF7BW125, -55/14.2,3,882,UpUnc,2026-06-25T12:56:48+02:00,"Dev Addr/Multicast Addr: 06139e8c
GwEUI: 24E124FFFEFE11C4
AppEUI: 24E124C0002A0001
Device EUI/Group Name: 24E124445E318071
Class Type: Class C
Immediately: -
Timestamp: 1400972533
Type: UpUnc
Adr: false
AdrAcKReq: false
Ack: false
Fcnt: 882
Port: 85
Modulation: LORA
Bandwidth: 125
SpreadFactor: 7
Bitrate: 0
CodeRate: 4/5
SNR: 14.2
RSSI: -55
Power: -
Payload(b64): BAAA
Payload(hex): 040000
JSON: {""gpio_in_2"":0}
MIC: e985902b"
24E124445E318071,24E124FFFEFE11C4,868300000,SF7BW125, -52/14.0,34,881,UpUnc,2026-06-25T12:56:43+02:00,"Dev Addr/Multicast Addr: 06139e8c
GwEUI: 24E124FFFEFE11C4
AppEUI: 24E124C0002A0001
Device EUI/Group Name: 24E124445E318071
Class Type: Class C
Immediately: -
Timestamp: 1396745681
Type: UpUnc
Adr: false
AdrAcKReq: false
Ack: false
Fcnt: 881
Port: 86
Modulation: LORA
Bandwidth: 125
SpreadFactor: 7
Bitrate: 0
CodeRate: 4/5
SNR: 14.0
RSSI: -52
Power: -
Payload(b64): Q1VTVE9NTUVTU0FHRVRFU1RGT1JHUklEQUNUSVZBVElPTg==
Payload(hex): 435553544f4d4d45535341474554455354464f524752494441435449564154494f4e
JSON: {""text"":""CUSTOMMESSAGETESTFORGRIDACTIVATION""}
MIC: 431277e7"
24E124445E318071,24E124FFFEFE11C4,868500000,SF7BW125, -59/11.2,34,880,UpUnc,2026-06-25T12:56:38+02:00,"Dev Addr/Multicast Addr: 06139e8c
GwEUI: 24E124FFFEFE11C4
AppEUI: 24E124C0002A0001
Device EUI/Group Name: 24E124445E318071
Class Type: Class C
Immediately: -
Timestamp: 1391243626
Type: UpUnc
Adr: false
AdrAcKReq: false
Ack: false
Fcnt: 880
Port: 86
Modulation: LORA
Bandwidth: 125
SpreadFactor: 7
Bitrate: 0
CodeRate: 4/5
SNR: 11.2
RSSI: -59
Power: -
Payload(b64): Q1VTVE9NTUVTU0FHRVRFU1RGT1JHUklEQUNUSVZBVElPTg==
Payload(hex): 435553544f4d4d45535341474554455354464f524752494441435449564154494f4e
JSON: {""text"":""CUSTOMMESSAGETESTFORGRIDACTIVATION""}
MIC: 115a56b2"
24E124445E318071,24E124FFFEFE11C4,868100000,SF7BW125, -52/14.0,34,879,UpUnc,2026-06-25T12:56:34+02:00,"Dev Addr/Multicast Addr: 06139e8c
GwEUI: 24E124FFFEFE11C4
AppEUI: 24E124C0002A0001
Device EUI/Group Name: 24E124445E318071
Class Type: Class C
Immediately: -
Timestamp: 1386893644
Type: UpUnc
Adr: false
AdrAcKReq: false
Ack: false
Fcnt: 879
Port: 86
Modulation: LORA
Bandwidth: 125
SpreadFactor: 7
Bitrate: 0
CodeRate: 4/5
SNR: 14.0
RSSI: -52
Power: -
Payload(b64): Q1VTVE9NTUVTU0FHRVRFU1RGT1JHUklEQUNUSVZBVElPTg==
Payload(hex): 435553544f4d4d45535341474554455354464f524752494441435449564154494f4e
JSON: {""text"":""CUSTOMMESSAGETESTFORGRIDACTIVATION""}
MIC: 677bca8a"
24E124445E318071,24E124FFFEFE11C4,868300000,SF7BW125, -50/13.2,6,878,UpUnc,2026-06-25T12:56:29+02:00,"Dev Addr/Multicast Addr: 06139e8c
GwEUI: 24E124FFFEFE11C4
AppEUI: 24E124C0002A0001
Device EUI/Group Name: 24E124445E318071
Class Type: Class C
Immediately: -
Timestamp: 1382688573
Type: UpUnc
Adr: false
AdrAcKReq: false
Ack: false
Fcnt: 878
Port: 85
Modulation: LORA
Bandwidth: 125
SpreadFactor: 7
Bitrate: 0
CodeRate: 4/5
SNR: 13.2
RSSI: -50
Power: -
Payload(b64): BAAABAAB
Payload(hex): 040000040001
JSON: {""gpio_in_2"":1}
MIC: 49690ccb"
24E124445E318071,24E124FFFEFE11C4,868300000,SF7BW125, -49/13.8,34,877,UpUnc,2026-06-25T12:56:25+02:00,"Dev Addr/Multicast Addr: 06139e8c
GwEUI: 24E124FFFEFE11C4
AppEUI: 24E124C0002A0001
Device EUI/Group Name: 24E124445E318071
Class Type: Class C
Immediately: -
Timestamp: 1378507580
Type: UpUnc
Adr: false
AdrAcKReq: false
Ack: false
Fcnt: 877
Port: 86
Modulation: LORA
Bandwidth: 125
SpreadFactor: 7
Bitrate: 0
CodeRate: 4/5
SNR: 13.8
RSSI: -49
Power: -
Payload(b64): Q1VTVE9NTUVTU0FHRVRFU1RGT1JHUklEQUNUSVZBVElPTg==
Payload(hex): 435553544f4d4d45535341474554455354464f524752494441435449564154494f4e
JSON: {""text"":""CUSTOMMESSAGETESTFORGRIDACTIVATION""}
MIC: c88ec16b"
24E124445E318071,24E124FFFEFE11C4,868300000,SF7BW125, -49/13.2,6,876,UpUnc,2026-06-25T12:56:21+02:00,"Dev Addr/Multicast Addr: 06139e8c
GwEUI: 24E124FFFEFE11C4
AppEUI: 24E124C0002A0001
Device EUI/Group Name: 24E124445E318071
Class Type: Class C
Immediately: -
Timestamp: 1373936531
Type: UpUnc
Adr: false
AdrAcKReq: false
Ack: false
Fcnt: 876
Port: 85
Modulation: LORA
Bandwidth: 125
SpreadFactor: 7
Bitrate: 0
CodeRate: 4/5
SNR: 13.2
RSSI: -49
Power: -
Payload(b64): BAAABAAB
Payload(hex): 040000040001
JSON: {""gpio_in_2"":1}
MIC: c5569964"
24E124445E318071,24E124FFFEFE11C4,868500000,SF7BW125, -49/9.2,34,875,UpUnc,2026-06-25T12:56:16+02:00,"Dev Addr/Multicast Addr: 06139e8c
GwEUI: 24E124FFFEFE11C4
AppEUI: 24E124C0002A0001
Device EUI/Group Name: 24E124445E318071
Class Type: Class C
Immediately: -
Timestamp: 1368838612
Type: UpUnc
Adr: false
AdrAcKReq: false
Ack: false
Fcnt: 875
Port: 86
Modulation: LORA
Bandwidth: 125
SpreadFactor: 7
Bitrate: 0
CodeRate: 4/5
SNR: 9.2
RSSI: -49
Power: -
Payload(b64): Q1VTVE9NTUVTU0FHRVRFU1RGT1JHUklEQUNUSVZBVElPTg==
Payload(hex): 435553544f4d4d45535341474554455354464f524752494441435449564154494f4e
JSON: {""text"":""CUSTOMMESSAGETESTFORGRIDACTIVATION""}
MIC: 096063bd"
24E124445E318071,24E124FFFEFE11C4,868300000,SF7BW125, -49/13.8,3,874,UpUnc,2026-06-25T12:56:12+02:00,"Dev Addr/Multicast Addr: 06139e8c
GwEUI: 24E124FFFEFE11C4
AppEUI: 24E124C0002A0001
Device EUI/Group Name: 24E124445E318071
Class Type: Class C
Immediately: -
Timestamp: 1364854482
Type: UpUnc
Adr: false
AdrAcKReq: false
Ack: false
Fcnt: 874
Port: 85
Modulation: LORA
Bandwidth: 125
SpreadFactor: 7
Bitrate: 0
CodeRate: 4/5
SNR: 13.8
RSSI: -49
Power: -
Payload(b64): BAAB
Payload(hex): 040001
JSON: {""gpio_in_2"":1}
MIC: 92dc089a"
24E124445E318071,24E124FFFEFE11C4,868300000,SF7BW125, -49/14.0,3,873,UpUnc,2026-06-25T12:56:06+02:00,"Dev Addr/Multicast Addr: 06139e8c
GwEUI: 24E124FFFEFE11C4
AppEUI: 24E124C0002A0001
Device EUI/Group Name: 24E124445E318071
Class Type: Class C
Immediately: -
Timestamp: 1359685489
Type: UpUnc
Adr: false
AdrAcKReq: false
Ack: false
Fcnt: 873
Port: 85
Modulation: LORA
Bandwidth: 125
SpreadFactor: 7
Bitrate: 0
CodeRate: 4/5
SNR: 14.0
RSSI: -49
Power: -
Payload(b64): BAAA
Payload(hex): 040000
JSON: {""gpio_in_2"":0}
MIC: a6d12fd5"
24E124445E318071,24E124FFFEFE11C4,868300000,SF7BW125, -49/14.2,34,872,UpUnc,2026-06-25T12:56:02+02:00,"Dev Addr/Multicast Addr: 06139e8c
GwEUI: 24E124FFFEFE11C4
AppEUI: 24E124C0002A0001
Device EUI/Group Name: 24E124445E318071
Class Type: Class C
Immediately: -
Timestamp: 1355020667
Type: UpUnc
Adr: false
AdrAcKReq: false
Ack: false
Fcnt: 872
Port: 86
Modulation: LORA
Bandwidth: 125
SpreadFactor: 7
Bitrate: 0
CodeRate: 4/5
SNR: 14.2
RSSI: -49
Power: -
Payload(b64): Q1VTVE9NTUVTU0FHRVRFU1RGT1JHUklEQUNUSVZBVElPTg==
Payload(hex): 435553544f4d4d45535341474554455354464f524752494441435449564154494f4e
JSON: {""text"":""CUSTOMMESSAGETESTFORGRIDACTIVATION""}
MIC: 8b21a70b"
24E124445E318071,24E124FFFEFE11C4,868300000,SF7BW125, -49/13.5,3,871,UpUnc,2026-06-25T12:55:57+02:00,"Dev Addr/Multicast Addr: 06139e8c
GwEUI: 24E124FFFEFE11C4
AppEUI: 24E124C0002A0001
Device EUI/Group Name: 24E124445E318071
Class Type: Class C
Immediately: -
Timestamp: 1350443526
Type: UpUnc
Adr: false
AdrAcKReq: false
Ack: false
Fcnt: 871
Port: 85
Modulation: LORA
Bandwidth: 125
SpreadFactor: 7
Bitrate: 0
CodeRate: 4/5
SNR: 13.5
RSSI: -49
Power: -
Payload(b64): BAAB
Payload(hex): 040001
JSON: {""gpio_in_2"":1}
MIC: bdccb992"
24E124445E318071,24E124FFFEFE11C4,868500000,SF7BW125, -49/9.2,3,870,UpUnc,2026-06-25T12:55:53+02:00,"Dev Addr/Multicast Addr: 06139e8c
GwEUI: 24E124FFFEFE11C4
AppEUI: 24E124C0002A0001
Device EUI/Group Name: 24E124445E318071
Class Type: Class C
Immediately: -
Timestamp: 1346409525
Type: UpUnc
Adr: false
AdrAcKReq: false
Ack: false
Fcnt: 870
Port: 85
Modulation: LORA
Bandwidth: 125
SpreadFactor: 7
Bitrate: 0
CodeRate: 4/5
SNR: 9.2
RSSI: -49
Power: -
Payload(b64): BAAA
Payload(hex): 040000
JSON: {""gpio_in_2"":0}
MIC: a55614c5"
24E124445E318071,24E124FFFEFE11C4,868300000,SF7BW125, -49/13.5,34,869,UpUnc,2026-06-25T12:55:48+02:00,"Dev Addr/Multicast Addr: 06139e8c
GwEUI: 24E124FFFEFE11C4
AppEUI: 24E124C0002A0001
Device EUI/Group Name: 24E124445E318071
Class Type: Class C
Immediately: -
Timestamp: 1341422633
Type: UpUnc
Adr: false
AdrAcKReq: false
Ack: false
Fcnt: 869
Port: 86
Modulation: LORA
Bandwidth: 125
SpreadFactor: 7
Bitrate: 0
CodeRate: 4/5
SNR: 13.5
RSSI: -49
Power: -
Payload(b64): Q1VTVE9NTUVTU0FHRVRFU1RGT1JHUklEQUNUSVZBVElPTg==
Payload(hex): 435553544f4d4d45535341474554455354464f524752494441435449564154494f4e
JSON: {""text"":""CUSTOMMESSAGETESTFORGRIDACTIVATION""}
MIC: a795ca8b"
24E124445E318071,24E124FFFEFE11C4,868300000,SF7BW125, -50/13.8,3,868,UpUnc,2026-06-25T12:55:45+02:00,"Dev Addr/Multicast Addr: 06139e8c
GwEUI: 24E124FFFEFE11C4
AppEUI: 24E124C0002A0001
Device EUI/Group Name: 24E124445E318071
Class Type: Class C
Immediately: -
Timestamp: 1337853258
Type: UpUnc
Adr: false
AdrAcKReq: false
Ack: false
Fcnt: 868
Port: 85
Modulation: LORA
Bandwidth: 125
SpreadFactor: 7
Bitrate: 0
CodeRate: 4/5
SNR: 13.8
RSSI: -50
Power: -
Payload(b64): BAAB
Payload(hex): 040001
JSON: {""gpio_in_2"":1}
MIC: 257585f2"
